text_file,image_file,label
0_1283.txt,0_1283.png,0
0_17158.txt,0_17158.png,0
0_13902.txt,0_13902.png,0
1_15602.txt,1_15602.png,1
1_7776.txt,1_7776.png,1
0_11569.txt,0_11569.png,0
0_2773.txt,0_2773.png,0
0_6435.txt,0_6435.png,0
1_11297.txt,1_11297.png,1
1_27432.txt,1_27432.png,1
1_8971.txt,1_8971.png,1
0_19298.txt,0_19298.png,0
1_11042.txt,1_11042.png,1
1_15946.txt,1_15946.png,1
1_7161.txt,1_7161.png,1
1_5864.txt,1_5864.png,1
0_3597.txt,0_3597.png,0
1_7786.txt,1_7786.png,1
1_25887.txt,1_25887.png,1
1_12130.txt,1_12130.png,1
1_15146.txt,1_15146.png,1
1_18597.txt,1_18597.png,1
0_18449.txt,0_18449.png,0
1_25067.txt,1_25067.png,1
0_1001.txt,0_1001.png,0
1_9267.txt,1_9267.png,1
1_22803.txt,1_22803.png,1
1_27721.txt,1_27721.png,1
1_879.txt,1_879.png,1
1_3120.txt,1_3120.png,1
1_12423.txt,1_12423.png,1
1_10630.txt,1_10630.png,1
1_14589.txt,1_14589.png,1
1_24683.txt,1_24683.png,1
0_4881.txt,0_4881.png,0
1_27752.txt,1_27752.png,1
1_1941.txt,1_1941.png,1
0_8282.txt,0_8282.png,0
0_11552.txt,0_11552.png,0
0_87.txt,0_87.png,0
1_22014.txt,1_22014.png,1
1_23423.txt,1_23423.png,1
0_14637.txt,0_14637.png,0
0_15765.txt,0_15765.png,0
0_19493.txt,0_19493.png,0
0_11165.txt,0_11165.png,0
0_1049.txt,0_1049.png,0
1_12301.txt,1_12301.png,1
0_10586.txt,0_10586.png,0
0_5727.txt,0_5727.png,0
1_28637.txt,1_28637.png,1
0_4070.txt,0_4070.png,0
0_7265.txt,0_7265.png,0
0_1395.txt,0_1395.png,0
1_22853.txt,1_22853.png,1
0_2701.txt,0_2701.png,0
1_27016.txt,1_27016.png,1
1_22719.txt,1_22719.png,1
1_24693.txt,1_24693.png,1
0_13273.txt,0_13273.png,0
1_7411.txt,1_7411.png,1
1_13293.txt,1_13293.png,1
1_24391.txt,1_24391.png,1
1_12044.txt,1_12044.png,1
0_17046.txt,0_17046.png,0
1_6211.txt,1_6211.png,1
0_14492.txt,0_14492.png,0
1_28790.txt,1_28790.png,1
0_19180.txt,0_19180.png,0
0_20522.txt,0_20522.png,0
0_1980.txt,0_1980.png,0
1_18094.txt,1_18094.png,1
1_15013.txt,1_15013.png,1
0_18697.txt,0_18697.png,0
1_24186.txt,1_24186.png,1
1_27104.txt,1_27104.png,1
1_4256.txt,1_4256.png,1
1_16356.txt,1_16356.png,1
1_18415.txt,1_18415.png,1
0_13220.txt,0_13220.png,0
1_5872.txt,1_5872.png,1
1_21056.txt,1_21056.png,1
0_18961.txt,0_18961.png,0
0_1909.txt,0_1909.png,0
0_5446.txt,0_5446.png,0
0_1100.txt,0_1100.png,0
0_16779.txt,0_16779.png,0
1_14825.txt,1_14825.png,1
1_4672.txt,1_4672.png,1
0_10243.txt,0_10243.png,0
0_3488.txt,0_3488.png,0
0_8242.txt,0_8242.png,0
0_12327.txt,0_12327.png,0
1_8899.txt,1_8899.png,1
0_991.txt,0_991.png,0
0_7663.txt,0_7663.png,0
1_24349.txt,1_24349.png,1
0_3820.txt,0_3820.png,0
1_5071.txt,1_5071.png,1
1_7321.txt,1_7321.png,1
1_17050.txt,1_17050.png,1
1_1507.txt,1_1507.png,1
0_8743.txt,0_8743.png,0
0_6873.txt,0_6873.png,0
1_25015.txt,1_25015.png,1
0_8996.txt,0_8996.png,0
1_14013.txt,1_14013.png,1
1_9086.txt,1_9086.png,1
0_10884.txt,0_10884.png,0
0_19974.txt,0_19974.png,0
1_13059.txt,1_13059.png,1
1_16992.txt,1_16992.png,1
0_19357.txt,0_19357.png,0
1_2182.txt,1_2182.png,1
0_13558.txt,0_13558.png,0
0_224.txt,0_224.png,0
1_21671.txt,1_21671.png,1
1_25472.txt,1_25472.png,1
1_27954.txt,1_27954.png,1
1_2579.txt,1_2579.png,1
0_5634.txt,0_5634.png,0
0_10993.txt,0_10993.png,0
1_5158.txt,1_5158.png,1
1_21583.txt,1_21583.png,1
0_9124.txt,0_9124.png,0
1_11732.txt,1_11732.png,1
0_10642.txt,0_10642.png,0
1_13610.txt,1_13610.png,1
1_4475.txt,1_4475.png,1
0_1223.txt,0_1223.png,0
0_2176.txt,0_2176.png,0
1_15680.txt,1_15680.png,1
1_26965.txt,1_26965.png,1
1_13534.txt,1_13534.png,1
0_11840.txt,0_11840.png,0
1_9792.txt,1_9792.png,1
1_15044.txt,1_15044.png,1
0_18642.txt,0_18642.png,0
1_10941.txt,1_10941.png,1
1_21421.txt,1_21421.png,1
1_25804.txt,1_25804.png,1
1_20255.txt,1_20255.png,1
1_28385.txt,1_28385.png,1
0_20946.txt,0_20946.png,0
0_7792.txt,0_7792.png,0
0_11222.txt,0_11222.png,0
0_5570.txt,0_5570.png,0
0_16789.txt,0_16789.png,0
0_12590.txt,0_12590.png,0
0_3546.txt,0_3546.png,0
0_1740.txt,0_1740.png,0
0_5852.txt,0_5852.png,0
1_18004.txt,1_18004.png,1
0_3750.txt,0_3750.png,0
1_26405.txt,1_26405.png,1
1_1536.txt,1_1536.png,1
0_2875.txt,0_2875.png,0
0_11965.txt,0_11965.png,0
1_21208.txt,1_21208.png,1
1_16969.txt,1_16969.png,1
0_910.txt,0_910.png,0
1_20296.txt,1_20296.png,1
0_174.txt,0_174.png,0
0_4294.txt,0_4294.png,0
0_17899.txt,0_17899.png,0
0_4816.txt,0_4816.png,0
1_2528.txt,1_2528.png,1
1_19700.txt,1_19700.png,1
1_25655.txt,1_25655.png,1
1_24377.txt,1_24377.png,1
1_4995.txt,1_4995.png,1
0_6542.txt,0_6542.png,0
0_8915.txt,0_8915.png,0
1_18278.txt,1_18278.png,1
1_14359.txt,1_14359.png,1
1_21010.txt,1_21010.png,1
0_4203.txt,0_4203.png,0
0_8114.txt,0_8114.png,0
0_2375.txt,0_2375.png,0
1_15908.txt,1_15908.png,1
1_22645.txt,1_22645.png,1
1_1406.txt,1_1406.png,1
1_15521.txt,1_15521.png,1
1_508.txt,1_508.png,1
0_2910.txt,0_2910.png,0
1_18977.txt,1_18977.png,1
0_14102.txt,0_14102.png,0
1_19609.txt,1_19609.png,1
1_14803.txt,1_14803.png,1
0_14038.txt,0_14038.png,0
0_19835.txt,0_19835.png,0
1_11711.txt,1_11711.png,1
0_815.txt,0_815.png,0
0_14122.txt,0_14122.png,0
0_16402.txt,0_16402.png,0
1_19463.txt,1_19463.png,1
1_15868.txt,1_15868.png,1
0_2555.txt,0_2555.png,0
0_4825.txt,0_4825.png,0
0_4321.txt,0_4321.png,0
0_4082.txt,0_4082.png,0
1_15940.txt,1_15940.png,1
1_9349.txt,1_9349.png,1
0_19872.txt,0_19872.png,0
0_7146.txt,0_7146.png,0
0_17500.txt,0_17500.png,0
1_6656.txt,1_6656.png,1
1_28735.txt,1_28735.png,1
1_8241.txt,1_8241.png,1
0_6444.txt,0_6444.png,0
0_4492.txt,0_4492.png,0
1_20723.txt,1_20723.png,1
1_15656.txt,1_15656.png,1
0_4255.txt,0_4255.png,0
1_10829.txt,1_10829.png,1
1_18163.txt,1_18163.png,1
0_1525.txt,0_1525.png,0
1_23597.txt,1_23597.png,1
0_20731.txt,0_20731.png,0
0_12982.txt,0_12982.png,0
1_3210.txt,1_3210.png,1
1_22914.txt,1_22914.png,1
0_7974.txt,0_7974.png,0
0_7040.txt,0_7040.png,0
0_19076.txt,0_19076.png,0
1_8445.txt,1_8445.png,1
1_7511.txt,1_7511.png,1
1_13032.txt,1_13032.png,1
1_5794.txt,1_5794.png,1
1_18035.txt,1_18035.png,1
1_4704.txt,1_4704.png,1
1_199.txt,1_199.png,1
1_6478.txt,1_6478.png,1
0_14361.txt,0_14361.png,0
1_10123.txt,1_10123.png,1
1_14603.txt,1_14603.png,1
0_20997.txt,0_20997.png,0
0_14550.txt,0_14550.png,0
0_17255.txt,0_17255.png,0
1_21532.txt,1_21532.png,1
1_10311.txt,1_10311.png,1
1_469.txt,1_469.png,1
0_17718.txt,0_17718.png,0
1_13363.txt,1_13363.png,1
0_12628.txt,0_12628.png,0
1_2791.txt,1_2791.png,1
1_11812.txt,1_11812.png,1
0_2561.txt,0_2561.png,0
0_14884.txt,0_14884.png,0
1_21505.txt,1_21505.png,1
1_659.txt,1_659.png,1
0_20504.txt,0_20504.png,0
0_9958.txt,0_9958.png,0
1_15771.txt,1_15771.png,1
1_14526.txt,1_14526.png,1
0_18026.txt,0_18026.png,0
0_6520.txt,0_6520.png,0
1_7949.txt,1_7949.png,1
0_14509.txt,0_14509.png,0
0_15124.txt,0_15124.png,0
1_24221.txt,1_24221.png,1
1_2530.txt,1_2530.png,1
1_13321.txt,1_13321.png,1
0_16979.txt,0_16979.png,0
1_6293.txt,1_6293.png,1
0_6661.txt,0_6661.png,0
1_11168.txt,1_11168.png,1
0_254.txt,0_254.png,0
1_15142.txt,1_15142.png,1
1_11532.txt,1_11532.png,1
0_14655.txt,0_14655.png,0
1_20632.txt,1_20632.png,1
1_3737.txt,1_3737.png,1
0_17659.txt,0_17659.png,0
1_19304.txt,1_19304.png,1
1_725.txt,1_725.png,1
1_19036.txt,1_19036.png,1
1_3221.txt,1_3221.png,1
0_7227.txt,0_7227.png,0
1_1118.txt,1_1118.png,1
1_1164.txt,1_1164.png,1
1_9159.txt,1_9159.png,1
0_8036.txt,0_8036.png,0
0_6137.txt,0_6137.png,0
0_3797.txt,0_3797.png,0
1_13075.txt,1_13075.png,1
0_4274.txt,0_4274.png,0
1_20075.txt,1_20075.png,1
1_24428.txt,1_24428.png,1
1_11212.txt,1_11212.png,1
0_8661.txt,0_8661.png,0
1_4107.txt,1_4107.png,1
1_6175.txt,1_6175.png,1
0_12131.txt,0_12131.png,0
0_11811.txt,0_11811.png,0
1_12024.txt,1_12024.png,1
1_28968.txt,1_28968.png,1
0_18360.txt,0_18360.png,0
1_292.txt,1_292.png,1
1_6995.txt,1_6995.png,1
1_17537.txt,1_17537.png,1
1_14644.txt,1_14644.png,1
1_24653.txt,1_24653.png,1
1_1003.txt,1_1003.png,1
1_6526.txt,1_6526.png,1
1_4883.txt,1_4883.png,1
1_20235.txt,1_20235.png,1
0_19393.txt,0_19393.png,0
1_21955.txt,1_21955.png,1
1_18817.txt,1_18817.png,1
0_12899.txt,0_12899.png,0
0_16427.txt,0_16427.png,0
1_5297.txt,1_5297.png,1
1_1030.txt,1_1030.png,1
1_1590.txt,1_1590.png,1
1_12181.txt,1_12181.png,1
1_6108.txt,1_6108.png,1
1_10280.txt,1_10280.png,1
1_25578.txt,1_25578.png,1
1_22935.txt,1_22935.png,1
1_22090.txt,1_22090.png,1
1_7678.txt,1_7678.png,1
1_19532.txt,1_19532.png,1
0_3649.txt,0_3649.png,0
1_28944.txt,1_28944.png,1
1_4469.txt,1_4469.png,1
1_3661.txt,1_3661.png,1
1_13034.txt,1_13034.png,1
0_10062.txt,0_10062.png,0
1_16918.txt,1_16918.png,1
1_6347.txt,1_6347.png,1
0_6516.txt,0_6516.png,0
1_147.txt,1_147.png,1
1_5491.txt,1_5491.png,1
1_16295.txt,1_16295.png,1
1_1097.txt,1_1097.png,1
0_6349.txt,0_6349.png,0
1_14835.txt,1_14835.png,1
1_24131.txt,1_24131.png,1
0_7958.txt,0_7958.png,0
0_17582.txt,0_17582.png,0
0_18440.txt,0_18440.png,0
0_1877.txt,0_1877.png,0
1_1900.txt,1_1900.png,1
1_21713.txt,1_21713.png,1
0_2141.txt,0_2141.png,0
1_21590.txt,1_21590.png,1
1_23558.txt,1_23558.png,1
0_3563.txt,0_3563.png,0
1_28540.txt,1_28540.png,1
1_5345.txt,1_5345.png,1
0_10022.txt,0_10022.png,0
0_10484.txt,0_10484.png,0
0_13473.txt,0_13473.png,0
1_27786.txt,1_27786.png,1
1_13236.txt,1_13236.png,1
0_12552.txt,0_12552.png,0
0_2113.txt,0_2113.png,0
1_10009.txt,1_10009.png,1
1_23442.txt,1_23442.png,1
0_17895.txt,0_17895.png,0
1_25484.txt,1_25484.png,1
1_4326.txt,1_4326.png,1
1_24390.txt,1_24390.png,1
1_28868.txt,1_28868.png,1
0_2281.txt,0_2281.png,0
1_8006.txt,1_8006.png,1
0_11503.txt,0_11503.png,0
0_18728.txt,0_18728.png,0
1_6936.txt,1_6936.png,1
0_7216.txt,0_7216.png,0
1_10175.txt,1_10175.png,1
0_6155.txt,0_6155.png,0
0_12984.txt,0_12984.png,0
1_7479.txt,1_7479.png,1
1_25950.txt,1_25950.png,1
0_16510.txt,0_16510.png,0
0_17197.txt,0_17197.png,0
1_262.txt,1_262.png,1
0_18972.txt,0_18972.png,0
1_22261.txt,1_22261.png,1
1_16124.txt,1_16124.png,1
1_27229.txt,1_27229.png,1
1_4506.txt,1_4506.png,1
1_13153.txt,1_13153.png,1
0_5410.txt,0_5410.png,0
1_18295.txt,1_18295.png,1
1_2741.txt,1_2741.png,1
0_9269.txt,0_9269.png,0
1_9656.txt,1_9656.png,1
1_23619.txt,1_23619.png,1
1_9170.txt,1_9170.png,1
1_21382.txt,1_21382.png,1
0_9426.txt,0_9426.png,0
1_20083.txt,1_20083.png,1
1_23562.txt,1_23562.png,1
0_17633.txt,0_17633.png,0
1_2574.txt,1_2574.png,1
1_15999.txt,1_15999.png,1
1_15499.txt,1_15499.png,1
0_15862.txt,0_15862.png,0
1_12564.txt,1_12564.png,1
1_9253.txt,1_9253.png,1
1_6748.txt,1_6748.png,1
0_18840.txt,0_18840.png,0
1_20985.txt,1_20985.png,1
0_3627.txt,0_3627.png,0
1_12859.txt,1_12859.png,1
1_7460.txt,1_7460.png,1
1_14729.txt,1_14729.png,1
1_17617.txt,1_17617.png,1
1_3035.txt,1_3035.png,1
0_19785.txt,0_19785.png,0
0_10192.txt,0_10192.png,0
1_25749.txt,1_25749.png,1
1_22926.txt,1_22926.png,1
0_12632.txt,0_12632.png,0
1_12431.txt,1_12431.png,1
0_17192.txt,0_17192.png,0
1_25410.txt,1_25410.png,1
1_14467.txt,1_14467.png,1
1_21429.txt,1_21429.png,1
1_22039.txt,1_22039.png,1
0_12817.txt,0_12817.png,0
1_18294.txt,1_18294.png,1
0_8954.txt,0_8954.png,0
1_9447.txt,1_9447.png,1
0_11482.txt,0_11482.png,0
0_9790.txt,0_9790.png,0
0_11194.txt,0_11194.png,0
0_10132.txt,0_10132.png,0
1_25696.txt,1_25696.png,1
0_18352.txt,0_18352.png,0
1_16256.txt,1_16256.png,1
1_23479.txt,1_23479.png,1
1_6705.txt,1_6705.png,1
0_4650.txt,0_4650.png,0
1_23297.txt,1_23297.png,1
0_19075.txt,0_19075.png,0
1_13800.txt,1_13800.png,1
0_20009.txt,0_20009.png,0
0_14407.txt,0_14407.png,0
0_20093.txt,0_20093.png,0
0_14043.txt,0_14043.png,0
0_11622.txt,0_11622.png,0
1_10852.txt,1_10852.png,1
1_8406.txt,1_8406.png,1
0_818.txt,0_818.png,0
1_28969.txt,1_28969.png,1
1_22591.txt,1_22591.png,1
1_12656.txt,1_12656.png,1
1_24626.txt,1_24626.png,1
1_10676.txt,1_10676.png,1
1_25300.txt,1_25300.png,1
0_17531.txt,0_17531.png,0
0_1620.txt,0_1620.png,0
1_19062.txt,1_19062.png,1
1_24708.txt,1_24708.png,1
1_14237.txt,1_14237.png,1
0_3148.txt,0_3148.png,0
0_10093.txt,0_10093.png,0
0_17339.txt,0_17339.png,0
1_1655.txt,1_1655.png,1
0_20027.txt,0_20027.png,0
1_6682.txt,1_6682.png,1
1_24840.txt,1_24840.png,1
0_20342.txt,0_20342.png,0
1_20345.txt,1_20345.png,1
0_5176.txt,0_5176.png,0
0_7245.txt,0_7245.png,0
0_9555.txt,0_9555.png,0
1_28061.txt,1_28061.png,1
1_17808.txt,1_17808.png,1
1_9400.txt,1_9400.png,1
1_20402.txt,1_20402.png,1
0_5158.txt,0_5158.png,0
1_26542.txt,1_26542.png,1
0_9466.txt,0_9466.png,0
0_14272.txt,0_14272.png,0
1_17700.txt,1_17700.png,1
0_16060.txt,0_16060.png,0
1_2522.txt,1_2522.png,1
1_11729.txt,1_11729.png,1
1_6129.txt,1_6129.png,1
0_2785.txt,0_2785.png,0
0_20206.txt,0_20206.png,0
1_13326.txt,1_13326.png,1
1_16541.txt,1_16541.png,1
0_11652.txt,0_11652.png,0
0_1349.txt,0_1349.png,0
1_21476.txt,1_21476.png,1
1_13295.txt,1_13295.png,1
0_7008.txt,0_7008.png,0
0_19098.txt,0_19098.png,0
1_13177.txt,1_13177.png,1
0_16750.txt,0_16750.png,0
1_18778.txt,1_18778.png,1
1_12151.txt,1_12151.png,1
0_17964.txt,0_17964.png,0
0_14362.txt,0_14362.png,0
1_17897.txt,1_17897.png,1
1_27283.txt,1_27283.png,1
0_20379.txt,0_20379.png,0
0_10116.txt,0_10116.png,0
1_17432.txt,1_17432.png,1
1_27269.txt,1_27269.png,1
0_1594.txt,0_1594.png,0
1_14898.txt,1_14898.png,1
0_14005.txt,0_14005.png,0
1_15075.txt,1_15075.png,1
1_16062.txt,1_16062.png,1
1_25930.txt,1_25930.png,1
0_9281.txt,0_9281.png,0
0_2585.txt,0_2585.png,0
0_9338.txt,0_9338.png,0
0_17466.txt,0_17466.png,0
0_12801.txt,0_12801.png,0
0_20196.txt,0_20196.png,0
1_22199.txt,1_22199.png,1
1_23484.txt,1_23484.png,1
1_6954.txt,1_6954.png,1
1_27510.txt,1_27510.png,1
0_17563.txt,0_17563.png,0
1_6750.txt,1_6750.png,1
1_6179.txt,1_6179.png,1
1_8781.txt,1_8781.png,1
1_14200.txt,1_14200.png,1
0_9483.txt,0_9483.png,0
0_6521.txt,0_6521.png,0
0_7325.txt,0_7325.png,0
1_7212.txt,1_7212.png,1
0_14988.txt,0_14988.png,0
1_27673.txt,1_27673.png,1
0_6613.txt,0_6613.png,0
0_11393.txt,0_11393.png,0
0_19884.txt,0_19884.png,0
0_11295.txt,0_11295.png,0
1_26413.txt,1_26413.png,1
0_10514.txt,0_10514.png,0
1_9620.txt,1_9620.png,1
0_19158.txt,0_19158.png,0
1_4985.txt,1_4985.png,1
1_10869.txt,1_10869.png,1
1_9354.txt,1_9354.png,1
0_8442.txt,0_8442.png,0
0_10821.txt,0_10821.png,0
0_5774.txt,0_5774.png,0
1_28294.txt,1_28294.png,1
1_314.txt,1_314.png,1
1_16033.txt,1_16033.png,1
1_28416.txt,1_28416.png,1
1_9189.txt,1_9189.png,1
0_2319.txt,0_2319.png,0
0_18210.txt,0_18210.png,0
1_26010.txt,1_26010.png,1
0_1246.txt,0_1246.png,0
1_10054.txt,1_10054.png,1
0_18650.txt,0_18650.png,0
0_5630.txt,0_5630.png,0
1_18810.txt,1_18810.png,1
1_9645.txt,1_9645.png,1
1_26779.txt,1_26779.png,1
1_3375.txt,1_3375.png,1
0_1130.txt,0_1130.png,0
1_9237.txt,1_9237.png,1
1_1219.txt,1_1219.png,1
0_3562.txt,0_3562.png,0
1_11163.txt,1_11163.png,1
1_16253.txt,1_16253.png,1
1_25355.txt,1_25355.png,1
1_9207.txt,1_9207.png,1
1_28518.txt,1_28518.png,1
0_4188.txt,0_4188.png,0
1_3593.txt,1_3593.png,1
0_18729.txt,0_18729.png,0
1_10289.txt,1_10289.png,1
1_13745.txt,1_13745.png,1
0_20944.txt,0_20944.png,0
1_28576.txt,1_28576.png,1
0_7119.txt,0_7119.png,0
0_18510.txt,0_18510.png,0
0_16485.txt,0_16485.png,0
0_20725.txt,0_20725.png,0
0_17733.txt,0_17733.png,0
0_5231.txt,0_5231.png,0
1_10016.txt,1_10016.png,1
1_1738.txt,1_1738.png,1
1_821.txt,1_821.png,1
1_29012.txt,1_29012.png,1
0_16120.txt,0_16120.png,0
0_6259.txt,0_6259.png,0
0_6584.txt,0_6584.png,0
0_810.txt,0_810.png,0
1_1444.txt,1_1444.png,1
1_22642.txt,1_22642.png,1
1_3776.txt,1_3776.png,1
0_1353.txt,0_1353.png,0
0_13683.txt,0_13683.png,0
1_20931.txt,1_20931.png,1
1_27074.txt,1_27074.png,1
1_2210.txt,1_2210.png,1
1_8790.txt,1_8790.png,1
0_5469.txt,0_5469.png,0
0_6754.txt,0_6754.png,0
0_583.txt,0_583.png,0
1_18527.txt,1_18527.png,1
0_15441.txt,0_15441.png,0
1_11756.txt,1_11756.png,1
0_17271.txt,0_17271.png,0
1_708.txt,1_708.png,1
0_324.txt,0_324.png,0
1_13389.txt,1_13389.png,1
0_15240.txt,0_15240.png,0
1_3493.txt,1_3493.png,1
0_5012.txt,0_5012.png,0
1_11165.txt,1_11165.png,1
0_656.txt,0_656.png,0
0_18495.txt,0_18495.png,0
0_7179.txt,0_7179.png,0
1_20134.txt,1_20134.png,1
0_17658.txt,0_17658.png,0
0_11584.txt,0_11584.png,0
1_19271.txt,1_19271.png,1
1_2493.txt,1_2493.png,1
0_11879.txt,0_11879.png,0
1_11450.txt,1_11450.png,1
1_12124.txt,1_12124.png,1
1_21315.txt,1_21315.png,1
1_9100.txt,1_9100.png,1
1_20716.txt,1_20716.png,1
0_20162.txt,0_20162.png,0
0_10237.txt,0_10237.png,0
1_18955.txt,1_18955.png,1
1_19528.txt,1_19528.png,1
1_24167.txt,1_24167.png,1
0_14805.txt,0_14805.png,0
1_23701.txt,1_23701.png,1
1_672.txt,1_672.png,1
0_16437.txt,0_16437.png,0
1_25987.txt,1_25987.png,1
1_26885.txt,1_26885.png,1
1_19341.txt,1_19341.png,1
1_14926.txt,1_14926.png,1
0_721.txt,0_721.png,0
0_2183.txt,0_2183.png,0
1_27143.txt,1_27143.png,1
1_5304.txt,1_5304.png,1
1_25971.txt,1_25971.png,1
1_26538.txt,1_26538.png,1
0_15918.txt,0_15918.png,0
0_3608.txt,0_3608.png,0
1_23356.txt,1_23356.png,1
0_12600.txt,0_12600.png,0
1_27029.txt,1_27029.png,1
1_1388.txt,1_1388.png,1
1_27485.txt,1_27485.png,1
0_6381.txt,0_6381.png,0
0_1829.txt,0_1829.png,0
1_19771.txt,1_19771.png,1
0_6899.txt,0_6899.png,0
1_3025.txt,1_3025.png,1
1_2008.txt,1_2008.png,1
0_11026.txt,0_11026.png,0
1_18233.txt,1_18233.png,1
0_1069.txt,0_1069.png,0
1_3272.txt,1_3272.png,1
1_20851.txt,1_20851.png,1
1_1822.txt,1_1822.png,1
1_27692.txt,1_27692.png,1
0_8168.txt,0_8168.png,0
1_16662.txt,1_16662.png,1
1_17161.txt,1_17161.png,1
0_16600.txt,0_16600.png,0
1_26103.txt,1_26103.png,1
0_17285.txt,0_17285.png,0
0_9401.txt,0_9401.png,0
1_24587.txt,1_24587.png,1
1_6529.txt,1_6529.png,1
1_7615.txt,1_7615.png,1
0_1367.txt,0_1367.png,0
1_28122.txt,1_28122.png,1
1_9317.txt,1_9317.png,1
1_27665.txt,1_27665.png,1
0_18860.txt,0_18860.png,0
1_4.txt,1_4.png,1
0_2672.txt,0_2672.png,0
0_3622.txt,0_3622.png,0
1_17805.txt,1_17805.png,1
1_20003.txt,1_20003.png,1
1_27544.txt,1_27544.png,1
1_8085.txt,1_8085.png,1
1_2975.txt,1_2975.png,1
0_4081.txt,0_4081.png,0
1_26659.txt,1_26659.png,1
1_24742.txt,1_24742.png,1
1_6821.txt,1_6821.png,1
1_28053.txt,1_28053.png,1
1_18339.txt,1_18339.png,1
1_26664.txt,1_26664.png,1
0_10683.txt,0_10683.png,0
1_28607.txt,1_28607.png,1
0_3398.txt,0_3398.png,0
1_22510.txt,1_22510.png,1
1_6143.txt,1_6143.png,1
0_14828.txt,0_14828.png,0
0_1222.txt,0_1222.png,0
1_3150.txt,1_3150.png,1
1_5692.txt,1_5692.png,1
1_3653.txt,1_3653.png,1
0_5002.txt,0_5002.png,0
1_6804.txt,1_6804.png,1
0_5228.txt,0_5228.png,0
1_11789.txt,1_11789.png,1
1_5687.txt,1_5687.png,1
0_17641.txt,0_17641.png,0
1_14957.txt,1_14957.png,1
1_6266.txt,1_6266.png,1
1_22111.txt,1_22111.png,1
1_4347.txt,1_4347.png,1
1_14701.txt,1_14701.png,1
1_22321.txt,1_22321.png,1
1_19592.txt,1_19592.png,1
1_1644.txt,1_1644.png,1
1_20570.txt,1_20570.png,1
1_5841.txt,1_5841.png,1
1_8663.txt,1_8663.png,1
1_23945.txt,1_23945.png,1
0_18254.txt,0_18254.png,0
0_20359.txt,0_20359.png,0
0_19908.txt,0_19908.png,0
0_2207.txt,0_2207.png,0
0_16257.txt,0_16257.png,0
1_14664.txt,1_14664.png,1
0_20438.txt,0_20438.png,0
0_8112.txt,0_8112.png,0
1_12981.txt,1_12981.png,1
1_15944.txt,1_15944.png,1
1_17293.txt,1_17293.png,1
1_24006.txt,1_24006.png,1
1_2213.txt,1_2213.png,1
1_7890.txt,1_7890.png,1
1_26158.txt,1_26158.png,1
1_17446.txt,1_17446.png,1
0_15281.txt,0_15281.png,0
0_20796.txt,0_20796.png,0
1_10842.txt,1_10842.png,1
1_22038.txt,1_22038.png,1
0_557.txt,0_557.png,0
1_24304.txt,1_24304.png,1
1_19546.txt,1_19546.png,1
0_16131.txt,0_16131.png,0
0_9586.txt,0_9586.png,0
1_6653.txt,1_6653.png,1
1_12968.txt,1_12968.png,1
0_6774.txt,0_6774.png,0
0_9017.txt,0_9017.png,0
1_19253.txt,1_19253.png,1
1_8780.txt,1_8780.png,1
0_15110.txt,0_15110.png,0
0_4150.txt,0_4150.png,0
0_19522.txt,0_19522.png,0
0_1812.txt,0_1812.png,0
0_4981.txt,0_4981.png,0
1_6943.txt,1_6943.png,1
0_4571.txt,0_4571.png,0
1_5011.txt,1_5011.png,1
1_8615.txt,1_8615.png,1
1_8470.txt,1_8470.png,1
1_9861.txt,1_9861.png,1
1_23074.txt,1_23074.png,1
0_14958.txt,0_14958.png,0
0_673.txt,0_673.png,0
1_22393.txt,1_22393.png,1
0_6214.txt,0_6214.png,0
0_10774.txt,0_10774.png,0
1_12038.txt,1_12038.png,1
1_8225.txt,1_8225.png,1
1_15956.txt,1_15956.png,1
1_20094.txt,1_20094.png,1
0_20917.txt,0_20917.png,0
0_14214.txt,0_14214.png,0
0_4527.txt,0_4527.png,0
1_20818.txt,1_20818.png,1
0_8822.txt,0_8822.png,0
1_14492.txt,1_14492.png,1
0_8729.txt,0_8729.png,0
0_18080.txt,0_18080.png,0
0_20925.txt,0_20925.png,0
1_3798.txt,1_3798.png,1
1_3253.txt,1_3253.png,1
1_17249.txt,1_17249.png,1
0_3991.txt,0_3991.png,0
0_7589.txt,0_7589.png,0
1_3425.txt,1_3425.png,1
1_27971.txt,1_27971.png,1
1_12913.txt,1_12913.png,1
1_17836.txt,1_17836.png,1
1_2899.txt,1_2899.png,1
0_20134.txt,0_20134.png,0
1_14653.txt,1_14653.png,1
1_26130.txt,1_26130.png,1
0_14340.txt,0_14340.png,0
0_16458.txt,0_16458.png,0
0_16581.txt,0_16581.png,0
1_20275.txt,1_20275.png,1
0_12585.txt,0_12585.png,0
1_17173.txt,1_17173.png,1
0_10788.txt,0_10788.png,0
1_25861.txt,1_25861.png,1
1_28995.txt,1_28995.png,1
1_24189.txt,1_24189.png,1
1_23441.txt,1_23441.png,1
0_1948.txt,0_1948.png,0
1_21528.txt,1_21528.png,1
0_17996.txt,0_17996.png,0
1_3939.txt,1_3939.png,1
0_18050.txt,0_18050.png,0
1_4867.txt,1_4867.png,1
0_14418.txt,0_14418.png,0
0_13351.txt,0_13351.png,0
1_27732.txt,1_27732.png,1
1_628.txt,1_628.png,1
1_10824.txt,1_10824.png,1
1_7576.txt,1_7576.png,1
0_4821.txt,0_4821.png,0
0_19678.txt,0_19678.png,0
0_20173.txt,0_20173.png,0
0_2894.txt,0_2894.png,0
1_10163.txt,1_10163.png,1
1_6049.txt,1_6049.png,1
1_25070.txt,1_25070.png,1
1_14348.txt,1_14348.png,1
0_9964.txt,0_9964.png,0
1_20088.txt,1_20088.png,1
0_15078.txt,0_15078.png,0
1_15192.txt,1_15192.png,1
1_9738.txt,1_9738.png,1
1_20182.txt,1_20182.png,1
1_9254.txt,1_9254.png,1
0_5156.txt,0_5156.png,0
1_3037.txt,1_3037.png,1
0_19810.txt,0_19810.png,0
1_19591.txt,1_19591.png,1
1_25085.txt,1_25085.png,1
1_27875.txt,1_27875.png,1
1_23859.txt,1_23859.png,1
1_7284.txt,1_7284.png,1
1_22016.txt,1_22016.png,1
1_26731.txt,1_26731.png,1
0_2650.txt,0_2650.png,0
0_6383.txt,0_6383.png,0
1_26319.txt,1_26319.png,1
1_16234.txt,1_16234.png,1
0_6813.txt,0_6813.png,0
0_6053.txt,0_6053.png,0
0_19323.txt,0_19323.png,0
1_8642.txt,1_8642.png,1
1_9826.txt,1_9826.png,1
1_5879.txt,1_5879.png,1
1_20294.txt,1_20294.png,1
0_19567.txt,0_19567.png,0
0_13106.txt,0_13106.png,0
1_21028.txt,1_21028.png,1
1_21794.txt,1_21794.png,1
1_28827.txt,1_28827.png,1
0_2196.txt,0_2196.png,0
0_6179.txt,0_6179.png,0
0_19499.txt,0_19499.png,0
0_2139.txt,0_2139.png,0
0_11907.txt,0_11907.png,0
0_2107.txt,0_2107.png,0
1_998.txt,1_998.png,1
1_4016.txt,1_4016.png,1
0_19817.txt,0_19817.png,0
1_14411.txt,1_14411.png,1
1_4162.txt,1_4162.png,1
0_7859.txt,0_7859.png,0
0_6630.txt,0_6630.png,0
1_25031.txt,1_25031.png,1
1_27492.txt,1_27492.png,1
1_19699.txt,1_19699.png,1
1_8564.txt,1_8564.png,1
1_19231.txt,1_19231.png,1
0_16787.txt,0_16787.png,0
1_10369.txt,1_10369.png,1
1_13674.txt,1_13674.png,1
1_6948.txt,1_6948.png,1
1_4850.txt,1_4850.png,1
0_18075.txt,0_18075.png,0
0_3664.txt,0_3664.png,0
0_19669.txt,0_19669.png,0
0_13329.txt,0_13329.png,0
0_10802.txt,0_10802.png,0
0_13383.txt,0_13383.png,0
0_11719.txt,0_11719.png,0
1_15083.txt,1_15083.png,1
1_18247.txt,1_18247.png,1
0_9766.txt,0_9766.png,0
1_15073.txt,1_15073.png,1
0_10568.txt,0_10568.png,0
0_13188.txt,0_13188.png,0
1_4086.txt,1_4086.png,1
1_4580.txt,1_4580.png,1
1_4513.txt,1_4513.png,1
1_17348.txt,1_17348.png,1
1_26951.txt,1_26951.png,1
0_10858.txt,0_10858.png,0
0_7748.txt,0_7748.png,0
0_4065.txt,0_4065.png,0
0_6090.txt,0_6090.png,0
1_7801.txt,1_7801.png,1
0_15520.txt,0_15520.png,0
1_14302.txt,1_14302.png,1
1_17928.txt,1_17928.png,1
0_19951.txt,0_19951.png,0
1_10153.txt,1_10153.png,1
0_12835.txt,0_12835.png,0
0_14126.txt,0_14126.png,0
0_5409.txt,0_5409.png,0
1_13129.txt,1_13129.png,1
0_1764.txt,0_1764.png,0
0_4649.txt,0_4649.png,0
0_1776.txt,0_1776.png,0
1_25808.txt,1_25808.png,1
0_8478.txt,0_8478.png,0
1_19174.txt,1_19174.png,1
0_13543.txt,0_13543.png,0
0_9262.txt,0_9262.png,0
1_28316.txt,1_28316.png,1
1_22988.txt,1_22988.png,1
1_27366.txt,1_27366.png,1
1_9803.txt,1_9803.png,1
0_5161.txt,0_5161.png,0
0_6763.txt,0_6763.png,0
0_10534.txt,0_10534.png,0
0_19221.txt,0_19221.png,0
0_20726.txt,0_20726.png,0
1_24965.txt,1_24965.png,1
1_14335.txt,1_14335.png,1
1_18558.txt,1_18558.png,1
1_6583.txt,1_6583.png,1
1_28881.txt,1_28881.png,1
1_4573.txt,1_4573.png,1
0_10082.txt,0_10082.png,0
0_20033.txt,0_20033.png,0
1_13963.txt,1_13963.png,1
0_15690.txt,0_15690.png,0
1_3335.txt,1_3335.png,1
1_19232.txt,1_19232.png,1
1_7892.txt,1_7892.png,1
1_12515.txt,1_12515.png,1
1_2110.txt,1_2110.png,1
0_17498.txt,0_17498.png,0
1_20518.txt,1_20518.png,1
0_4290.txt,0_4290.png,0
0_16241.txt,0_16241.png,0
0_6496.txt,0_6496.png,0
1_25829.txt,1_25829.png,1
1_985.txt,1_985.png,1
0_10650.txt,0_10650.png,0
0_13909.txt,0_13909.png,0
1_416.txt,1_416.png,1
0_2741.txt,0_2741.png,0
0_4930.txt,0_4930.png,0
0_18238.txt,0_18238.png,0
1_13375.txt,1_13375.png,1
1_9273.txt,1_9273.png,1
1_4130.txt,1_4130.png,1
0_13868.txt,0_13868.png,0
0_15785.txt,0_15785.png,0
1_8057.txt,1_8057.png,1
1_1566.txt,1_1566.png,1
1_3104.txt,1_3104.png,1
1_14446.txt,1_14446.png,1
0_17440.txt,0_17440.png,0
1_23406.txt,1_23406.png,1
0_17139.txt,0_17139.png,0
1_19655.txt,1_19655.png,1
1_7780.txt,1_7780.png,1
0_9933.txt,0_9933.png,0
0_13729.txt,0_13729.png,0
1_11591.txt,1_11591.png,1
1_9068.txt,1_9068.png,1
0_16291.txt,0_16291.png,0
0_7207.txt,0_7207.png,0
1_5264.txt,1_5264.png,1
1_18957.txt,1_18957.png,1
0_17058.txt,0_17058.png,0
0_9051.txt,0_9051.png,0
1_15727.txt,1_15727.png,1
1_25576.txt,1_25576.png,1
0_8900.txt,0_8900.png,0
1_25180.txt,1_25180.png,1
1_16930.txt,1_16930.png,1
0_5709.txt,0_5709.png,0
1_9536.txt,1_9536.png,1
1_27013.txt,1_27013.png,1
0_11696.txt,0_11696.png,0
0_10477.txt,0_10477.png,0
0_20493.txt,0_20493.png,0
0_1588.txt,0_1588.png,0
1_8596.txt,1_8596.png,1
1_22808.txt,1_22808.png,1
0_16346.txt,0_16346.png,0
0_11573.txt,0_11573.png,0
1_24311.txt,1_24311.png,1
0_16167.txt,0_16167.png,0
0_13332.txt,0_13332.png,0
0_16762.txt,0_16762.png,0
0_7317.txt,0_7317.png,0
1_23388.txt,1_23388.png,1
1_17278.txt,1_17278.png,1
1_2729.txt,1_2729.png,1
1_26366.txt,1_26366.png,1
1_4348.txt,1_4348.png,1
1_16573.txt,1_16573.png,1
0_6445.txt,0_6445.png,0
1_3785.txt,1_3785.png,1
1_15125.txt,1_15125.png,1
0_11306.txt,0_11306.png,0
0_7172.txt,0_7172.png,0
1_9667.txt,1_9667.png,1
1_18086.txt,1_18086.png,1
1_15000.txt,1_15000.png,1
1_16594.txt,1_16594.png,1
0_12185.txt,0_12185.png,0
1_167.txt,1_167.png,1
1_25448.txt,1_25448.png,1
0_6061.txt,0_6061.png,0
0_20416.txt,0_20416.png,0
1_12724.txt,1_12724.png,1
0_13284.txt,0_13284.png,0
0_16910.txt,0_16910.png,0
1_4622.txt,1_4622.png,1
0_11620.txt,0_11620.png,0
1_4384.txt,1_4384.png,1
1_1599.txt,1_1599.png,1
0_6842.txt,0_6842.png,0
0_20108.txt,0_20108.png,0
1_11474.txt,1_11474.png,1
1_22021.txt,1_22021.png,1
1_12757.txt,1_12757.png,1
0_14253.txt,0_14253.png,0
1_21937.txt,1_21937.png,1
1_850.txt,1_850.png,1
1_9040.txt,1_9040.png,1
1_20066.txt,1_20066.png,1
1_18736.txt,1_18736.png,1
1_22292.txt,1_22292.png,1
1_5746.txt,1_5746.png,1
1_13462.txt,1_13462.png,1
1_11296.txt,1_11296.png,1
1_18684.txt,1_18684.png,1
0_17310.txt,0_17310.png,0
1_15550.txt,1_15550.png,1
1_5045.txt,1_5045.png,1
0_7543.txt,0_7543.png,0
1_23796.txt,1_23796.png,1
0_7112.txt,0_7112.png,0
0_3887.txt,0_3887.png,0
1_6676.txt,1_6676.png,1
0_9105.txt,0_9105.png,0
1_4215.txt,1_4215.png,1
0_14780.txt,0_14780.png,0
1_16886.txt,1_16886.png,1
0_20910.txt,0_20910.png,0
0_6726.txt,0_6726.png,0
1_17240.txt,1_17240.png,1
1_28407.txt,1_28407.png,1
1_4057.txt,1_4057.png,1
0_10124.txt,0_10124.png,0
1_25369.txt,1_25369.png,1
0_3230.txt,0_3230.png,0
1_2360.txt,1_2360.png,1
1_21430.txt,1_21430.png,1
1_18980.txt,1_18980.png,1
0_11343.txt,0_11343.png,0
1_15418.txt,1_15418.png,1
0_11615.txt,0_11615.png,0
1_26083.txt,1_26083.png,1
0_3613.txt,0_3613.png,0
0_10963.txt,0_10963.png,0
0_10620.txt,0_10620.png,0
0_15994.txt,0_15994.png,0
1_11799.txt,1_11799.png,1
0_4506.txt,0_4506.png,0
1_10629.txt,1_10629.png,1
0_8651.txt,0_8651.png,0
0_18993.txt,0_18993.png,0
1_8435.txt,1_8435.png,1
0_9267.txt,0_9267.png,0
0_14735.txt,0_14735.png,0
1_20268.txt,1_20268.png,1
1_15603.txt,1_15603.png,1
1_11489.txt,1_11489.png,1
0_5862.txt,0_5862.png,0
1_8317.txt,1_8317.png,1
1_15286.txt,1_15286.png,1
1_5186.txt,1_5186.png,1
0_10541.txt,0_10541.png,0
0_11380.txt,0_11380.png,0
0_16558.txt,0_16558.png,0
1_7027.txt,1_7027.png,1
0_2160.txt,0_2160.png,0
1_17183.txt,1_17183.png,1
0_10326.txt,0_10326.png,0
1_15633.txt,1_15633.png,1
1_9531.txt,1_9531.png,1
1_10434.txt,1_10434.png,1
1_17123.txt,1_17123.png,1
1_20865.txt,1_20865.png,1
0_20110.txt,0_20110.png,0
0_963.txt,0_963.png,0
0_18609.txt,0_18609.png,0
0_7189.txt,0_7189.png,0
1_24802.txt,1_24802.png,1
1_4982.txt,1_4982.png,1
1_22739.txt,1_22739.png,1
1_8665.txt,1_8665.png,1
1_7990.txt,1_7990.png,1
1_9606.txt,1_9606.png,1
1_1122.txt,1_1122.png,1
1_465.txt,1_465.png,1
1_19545.txt,1_19545.png,1
0_5305.txt,0_5305.png,0
0_12104.txt,0_12104.png,0
1_16723.txt,1_16723.png,1
1_564.txt,1_564.png,1
1_20777.txt,1_20777.png,1
0_8135.txt,0_8135.png,0
1_1414.txt,1_1414.png,1
1_14160.txt,1_14160.png,1
1_5245.txt,1_5245.png,1
0_15094.txt,0_15094.png,0
1_5152.txt,1_5152.png,1
1_6348.txt,1_6348.png,1
1_14757.txt,1_14757.png,1
1_25460.txt,1_25460.png,1
1_14401.txt,1_14401.png,1
0_892.txt,0_892.png,0
1_4805.txt,1_4805.png,1
1_9961.txt,1_9961.png,1
1_10565.txt,1_10565.png,1
1_17356.txt,1_17356.png,1
0_11819.txt,0_11819.png,0
0_19406.txt,0_19406.png,0
1_21082.txt,1_21082.png,1
0_15793.txt,0_15793.png,0
1_27173.txt,1_27173.png,1
1_13709.txt,1_13709.png,1
0_14363.txt,0_14363.png,0
0_13905.txt,0_13905.png,0
1_9736.txt,1_9736.png,1
0_20565.txt,0_20565.png,0
0_11581.txt,0_11581.png,0
1_9911.txt,1_9911.png,1
1_22563.txt,1_22563.png,1
1_17746.txt,1_17746.png,1
0_433.txt,0_433.png,0
0_7033.txt,0_7033.png,0
1_5598.txt,1_5598.png,1
0_7339.txt,0_7339.png,0
0_1153.txt,0_1153.png,0
1_9376.txt,1_9376.png,1
0_2.txt,0_2.png,0
0_12688.txt,0_12688.png,0
0_6079.txt,0_6079.png,0
1_15558.txt,1_15558.png,1
1_25657.txt,1_25657.png,1
1_12488.txt,1_12488.png,1
1_26796.txt,1_26796.png,1
0_1219.txt,0_1219.png,0
0_13201.txt,0_13201.png,0
1_28856.txt,1_28856.png,1
0_14306.txt,0_14306.png,0
1_10214.txt,1_10214.png,1
0_17711.txt,0_17711.png,0
1_16785.txt,1_16785.png,1
1_16822.txt,1_16822.png,1
0_20975.txt,0_20975.png,0
0_13317.txt,0_13317.png,0
1_6017.txt,1_6017.png,1
0_20693.txt,0_20693.png,0
1_644.txt,1_644.png,1
1_1039.txt,1_1039.png,1
0_12213.txt,0_12213.png,0
0_15804.txt,0_15804.png,0
1_332.txt,1_332.png,1
0_5180.txt,0_5180.png,0
0_12413.txt,0_12413.png,0
0_18433.txt,0_18433.png,0
1_16408.txt,1_16408.png,1
1_23158.txt,1_23158.png,1
1_16614.txt,1_16614.png,1
0_8204.txt,0_8204.png,0
0_15726.txt,0_15726.png,0
0_3440.txt,0_3440.png,0
1_16647.txt,1_16647.png,1
1_8477.txt,1_8477.png,1
1_18215.txt,1_18215.png,1
1_14014.txt,1_14014.png,1
0_5211.txt,0_5211.png,0
1_1390.txt,1_1390.png,1
0_932.txt,0_932.png,0
0_15668.txt,0_15668.png,0
1_28143.txt,1_28143.png,1
1_5990.txt,1_5990.png,1
0_14424.txt,0_14424.png,0
0_9989.txt,0_9989.png,0
0_17532.txt,0_17532.png,0
1_17595.txt,1_17595.png,1
0_994.txt,0_994.png,0
0_15380.txt,0_15380.png,0
1_18169.txt,1_18169.png,1
0_14730.txt,0_14730.png,0
1_8525.txt,1_8525.png,1
1_18650.txt,1_18650.png,1
0_11758.txt,0_11758.png,0
1_13466.txt,1_13466.png,1
0_12484.txt,0_12484.png,0
1_10648.txt,1_10648.png,1
0_5971.txt,0_5971.png,0
1_6491.txt,1_6491.png,1
1_6128.txt,1_6128.png,1
1_27987.txt,1_27987.png,1
0_20934.txt,0_20934.png,0
0_9496.txt,0_9496.png,0
1_10342.txt,1_10342.png,1
1_15884.txt,1_15884.png,1
1_26429.txt,1_26429.png,1
1_15632.txt,1_15632.png,1
1_5987.txt,1_5987.png,1
1_26967.txt,1_26967.png,1
0_19214.txt,0_19214.png,0
1_4884.txt,1_4884.png,1
1_26577.txt,1_26577.png,1
0_11253.txt,0_11253.png,0
0_19876.txt,0_19876.png,0
1_25288.txt,1_25288.png,1
1_3184.txt,1_3184.png,1
1_28675.txt,1_28675.png,1
1_484.txt,1_484.png,1
1_5874.txt,1_5874.png,1
1_12555.txt,1_12555.png,1
0_13600.txt,0_13600.png,0
1_6689.txt,1_6689.png,1
0_14168.txt,0_14168.png,0
1_26960.txt,1_26960.png,1
1_23529.txt,1_23529.png,1
0_6857.txt,0_6857.png,0
0_12496.txt,0_12496.png,0
0_10965.txt,0_10965.png,0
0_1879.txt,0_1879.png,0
1_27091.txt,1_27091.png,1
1_4244.txt,1_4244.png,1
1_26409.txt,1_26409.png,1
0_19712.txt,0_19712.png,0
1_23981.txt,1_23981.png,1
0_5828.txt,0_5828.png,0
1_15031.txt,1_15031.png,1
0_19544.txt,0_19544.png,0
1_7040.txt,1_7040.png,1
1_12117.txt,1_12117.png,1
0_14544.txt,0_14544.png,0
1_18110.txt,1_18110.png,1
1_2531.txt,1_2531.png,1
0_6013.txt,0_6013.png,0
1_4969.txt,1_4969.png,1
0_263.txt,0_263.png,0
1_25114.txt,1_25114.png,1
1_4877.txt,1_4877.png,1
1_22872.txt,1_22872.png,1
1_14543.txt,1_14543.png,1
1_12285.txt,1_12285.png,1
0_16717.txt,0_16717.png,0
1_20571.txt,1_20571.png,1
0_7647.txt,0_7647.png,0
0_15248.txt,0_15248.png,0
1_23858.txt,1_23858.png,1
0_15185.txt,0_15185.png,0
1_26433.txt,1_26433.png,1
0_6124.txt,0_6124.png,0
0_7828.txt,0_7828.png,0
1_6496.txt,1_6496.png,1
1_27438.txt,1_27438.png,1
1_15800.txt,1_15800.png,1
1_6234.txt,1_6234.png,1
0_13863.txt,0_13863.png,0
1_14023.txt,1_14023.png,1
1_16213.txt,1_16213.png,1
0_5896.txt,0_5896.png,0
1_22137.txt,1_22137.png,1
1_21935.txt,1_21935.png,1
1_20736.txt,1_20736.png,1
0_17322.txt,0_17322.png,0
1_2984.txt,1_2984.png,1
1_24235.txt,1_24235.png,1
1_27466.txt,1_27466.png,1
1_1640.txt,1_1640.png,1
0_570.txt,0_570.png,0
1_13623.txt,1_13623.png,1
1_10477.txt,1_10477.png,1
0_11207.txt,0_11207.png,0
1_15119.txt,1_15119.png,1
0_16690.txt,0_16690.png,0
0_14881.txt,0_14881.png,0
1_20026.txt,1_20026.png,1
0_2750.txt,0_2750.png,0
1_13130.txt,1_13130.png,1
1_28116.txt,1_28116.png,1
1_18483.txt,1_18483.png,1
1_13124.txt,1_13124.png,1
0_13870.txt,0_13870.png,0
1_28624.txt,1_28624.png,1
0_3341.txt,0_3341.png,0
1_1232.txt,1_1232.png,1
1_9192.txt,1_9192.png,1
0_8630.txt,0_8630.png,0
1_22243.txt,1_22243.png,1
1_19075.txt,1_19075.png,1
1_7342.txt,1_7342.png,1
1_24037.txt,1_24037.png,1
0_5174.txt,0_5174.png,0
0_12393.txt,0_12393.png,0
0_878.txt,0_878.png,0
0_5662.txt,0_5662.png,0
1_21722.txt,1_21722.png,1
1_23410.txt,1_23410.png,1
1_13862.txt,1_13862.png,1
1_27844.txt,1_27844.png,1
1_6522.txt,1_6522.png,1
0_18703.txt,0_18703.png,0
0_12967.txt,0_12967.png,0
1_5503.txt,1_5503.png,1
1_7442.txt,1_7442.png,1
1_20222.txt,1_20222.png,1
0_4889.txt,0_4889.png,0
0_7203.txt,0_7203.png,0
1_19007.txt,1_19007.png,1
1_16773.txt,1_16773.png,1
0_2043.txt,0_2043.png,0
1_3919.txt,1_3919.png,1
1_1181.txt,1_1181.png,1
0_17399.txt,0_17399.png,0
0_17770.txt,0_17770.png,0
1_5211.txt,1_5211.png,1
0_12325.txt,0_12325.png,0
0_9992.txt,0_9992.png,0
1_17418.txt,1_17418.png,1
0_6414.txt,0_6414.png,0
0_6094.txt,0_6094.png,0
1_17663.txt,1_17663.png,1
0_16622.txt,0_16622.png,0
1_3862.txt,1_3862.png,1
1_2432.txt,1_2432.png,1
0_8620.txt,0_8620.png,0
0_18479.txt,0_18479.png,0
1_17294.txt,1_17294.png,1
1_6887.txt,1_6887.png,1
1_6515.txt,1_6515.png,1
1_9506.txt,1_9506.png,1
1_11730.txt,1_11730.png,1
0_11576.txt,0_11576.png,0
1_6016.txt,1_6016.png,1
1_22142.txt,1_22142.png,1
1_1603.txt,1_1603.png,1
0_5916.txt,0_5916.png,0
1_22012.txt,1_22012.png,1
1_1498.txt,1_1498.png,1
0_12182.txt,0_12182.png,0
1_3829.txt,1_3829.png,1
1_22567.txt,1_22567.png,1
0_13387.txt,0_13387.png,0
0_12996.txt,0_12996.png,0
1_6484.txt,1_6484.png,1
0_7819.txt,0_7819.png,0
1_27988.txt,1_27988.png,1
0_3043.txt,0_3043.png,0
1_22172.txt,1_22172.png,1
1_28279.txt,1_28279.png,1
0_13666.txt,0_13666.png,0
0_14602.txt,0_14602.png,0
1_4569.txt,1_4569.png,1
1_664.txt,1_664.png,1
0_6701.txt,0_6701.png,0
1_23635.txt,1_23635.png,1
1_5847.txt,1_5847.png,1
0_17607.txt,0_17607.png,0
1_501.txt,1_501.png,1
0_9071.txt,0_9071.png,0
1_8188.txt,1_8188.png,1
1_10508.txt,1_10508.png,1
1_17476.txt,1_17476.png,1
0_7890.txt,0_7890.png,0
1_16618.txt,1_16618.png,1
1_15486.txt,1_15486.png,1
0_13209.txt,0_13209.png,0
0_15473.txt,0_15473.png,0
1_19580.txt,1_19580.png,1
1_2868.txt,1_2868.png,1
0_1914.txt,0_1914.png,0
1_8088.txt,1_8088.png,1
0_5484.txt,0_5484.png,0
0_9189.txt,0_9189.png,0
0_12980.txt,0_12980.png,0
1_25858.txt,1_25858.png,1
0_5393.txt,0_5393.png,0
1_25414.txt,1_25414.png,1
0_20864.txt,0_20864.png,0
1_12969.txt,1_12969.png,1
1_8375.txt,1_8375.png,1
0_18045.txt,0_18045.png,0
1_9194.txt,1_9194.png,1
0_9578.txt,0_9578.png,0
1_8654.txt,1_8654.png,1
1_27164.txt,1_27164.png,1
0_6663.txt,0_6663.png,0
0_14160.txt,0_14160.png,0
1_25273.txt,1_25273.png,1
1_8492.txt,1_8492.png,1
0_20699.txt,0_20699.png,0
0_1705.txt,0_1705.png,0
0_17088.txt,0_17088.png,0
0_19093.txt,0_19093.png,0
1_12990.txt,1_12990.png,1
0_13772.txt,0_13772.png,0
1_5501.txt,1_5501.png,1
0_7328.txt,0_7328.png,0
1_14384.txt,1_14384.png,1
0_20882.txt,0_20882.png,0
0_17179.txt,0_17179.png,0
0_9703.txt,0_9703.png,0
1_11843.txt,1_11843.png,1
0_4171.txt,0_4171.png,0
1_1114.txt,1_1114.png,1
0_4066.txt,0_4066.png,0
1_2354.txt,1_2354.png,1
0_10207.txt,0_10207.png,0
1_11014.txt,1_11014.png,1
1_28780.txt,1_28780.png,1
0_8024.txt,0_8024.png,0
0_4390.txt,0_4390.png,0
1_1570.txt,1_1570.png,1
0_10621.txt,0_10621.png,0
0_18814.txt,0_18814.png,0
1_9064.txt,1_9064.png,1
1_16460.txt,1_16460.png,1
0_4197.txt,0_4197.png,0
1_20046.txt,1_20046.png,1
1_20722.txt,1_20722.png,1
0_955.txt,0_955.png,0
0_13949.txt,0_13949.png,0
1_5683.txt,1_5683.png,1
0_15487.txt,0_15487.png,0
1_21721.txt,1_21721.png,1
1_27515.txt,1_27515.png,1
0_7553.txt,0_7553.png,0
0_12011.txt,0_12011.png,0
1_5921.txt,1_5921.png,1
1_2885.txt,1_2885.png,1
1_9998.txt,1_9998.png,1
0_8151.txt,0_8151.png,0
0_13114.txt,0_13114.png,0
0_19474.txt,0_19474.png,0
0_15334.txt,0_15334.png,0
1_10500.txt,1_10500.png,1
0_11030.txt,0_11030.png,0
1_24768.txt,1_24768.png,1
1_2191.txt,1_2191.png,1
0_16950.txt,0_16950.png,0
1_12971.txt,1_12971.png,1
1_18612.txt,1_18612.png,1
0_6823.txt,0_6823.png,0
0_15481.txt,0_15481.png,0
0_9150.txt,0_9150.png,0
1_19746.txt,1_19746.png,1
0_20244.txt,0_20244.png,0
0_18530.txt,0_18530.png,0
0_18702.txt,0_18702.png,0
1_17235.txt,1_17235.png,1
0_2931.txt,0_2931.png,0
1_22915.txt,1_22915.png,1
0_10142.txt,0_10142.png,0
1_13391.txt,1_13391.png,1
1_476.txt,1_476.png,1
0_1551.txt,0_1551.png,0
1_18304.txt,1_18304.png,1
1_27517.txt,1_27517.png,1
0_1402.txt,0_1402.png,0
1_16316.txt,1_16316.png,1
1_12597.txt,1_12597.png,1
0_16448.txt,0_16448.png,0
1_4449.txt,1_4449.png,1
1_6373.txt,1_6373.png,1
1_14174.txt,1_14174.png,1
0_4767.txt,0_4767.png,0
0_11506.txt,0_11506.png,0
1_25295.txt,1_25295.png,1
0_18128.txt,0_18128.png,0
1_11029.txt,1_11029.png,1
0_14175.txt,0_14175.png,0
1_22932.txt,1_22932.png,1
1_26444.txt,1_26444.png,1
1_22771.txt,1_22771.png,1
1_13956.txt,1_13956.png,1
1_5751.txt,1_5751.png,1
1_4315.txt,1_4315.png,1
1_9634.txt,1_9634.png,1
0_13254.txt,0_13254.png,0
1_17483.txt,1_17483.png,1
0_20814.txt,0_20814.png,0
1_22756.txt,1_22756.png,1
1_14555.txt,1_14555.png,1
1_25326.txt,1_25326.png,1
1_25026.txt,1_25026.png,1
1_27270.txt,1_27270.png,1
1_27730.txt,1_27730.png,1
1_19834.txt,1_19834.png,1
0_18831.txt,0_18831.png,0
0_13663.txt,0_13663.png,0
0_10996.txt,0_10996.png,0
0_13477.txt,0_13477.png,0
1_17656.txt,1_17656.png,1
1_7264.txt,1_7264.png,1
1_25456.txt,1_25456.png,1
1_21688.txt,1_21688.png,1
1_27671.txt,1_27671.png,1
1_13988.txt,1_13988.png,1
0_4859.txt,0_4859.png,0
1_21287.txt,1_21287.png,1
1_21790.txt,1_21790.png,1
0_8492.txt,0_8492.png,0
1_16726.txt,1_16726.png,1
1_20397.txt,1_20397.png,1
1_16476.txt,1_16476.png,1
1_19020.txt,1_19020.png,1
1_2441.txt,1_2441.png,1
0_7693.txt,0_7693.png,0
0_14191.txt,0_14191.png,0
0_17104.txt,0_17104.png,0
1_3431.txt,1_3431.png,1
0_552.txt,0_552.png,0
1_5488.txt,1_5488.png,1
1_9592.txt,1_9592.png,1
1_27456.txt,1_27456.png,1
1_18603.txt,1_18603.png,1
0_18134.txt,0_18134.png,0
0_191.txt,0_191.png,0
1_25252.txt,1_25252.png,1
1_11910.txt,1_11910.png,1
0_5219.txt,0_5219.png,0
1_22085.txt,1_22085.png,1
0_14348.txt,0_14348.png,0
0_6871.txt,0_6871.png,0
0_8329.txt,0_8329.png,0
1_1811.txt,1_1811.png,1
1_16048.txt,1_16048.png,1
0_3304.txt,0_3304.png,0
0_18821.txt,0_18821.png,0
1_7915.txt,1_7915.png,1
1_13152.txt,1_13152.png,1
1_5929.txt,1_5929.png,1
1_5975.txt,1_5975.png,1
0_16753.txt,0_16753.png,0
1_18783.txt,1_18783.png,1
1_5712.txt,1_5712.png,1
0_6200.txt,0_6200.png,0
0_7948.txt,0_7948.png,0
1_24269.txt,1_24269.png,1
1_26890.txt,1_26890.png,1
1_23346.txt,1_23346.png,1
1_6542.txt,1_6542.png,1
1_1812.txt,1_1812.png,1
0_7351.txt,0_7351.png,0
1_9976.txt,1_9976.png,1
0_8869.txt,0_8869.png,0
0_14943.txt,0_14943.png,0
0_3903.txt,0_3903.png,0
0_11387.txt,0_11387.png,0
1_6923.txt,1_6923.png,1
1_20204.txt,1_20204.png,1
0_12377.txt,0_12377.png,0
0_7895.txt,0_7895.png,0
0_19130.txt,0_19130.png,0
0_9781.txt,0_9781.png,0
0_2242.txt,0_2242.png,0
1_11034.txt,1_11034.png,1
1_26599.txt,1_26599.png,1
0_18296.txt,0_18296.png,0
0_590.txt,0_590.png,0
0_361.txt,0_361.png,0
0_18974.txt,0_18974.png,0
0_15568.txt,0_15568.png,0
1_12001.txt,1_12001.png,1
1_2954.txt,1_2954.png,1
0_14392.txt,0_14392.png,0
0_914.txt,0_914.png,0
1_16085.txt,1_16085.png,1
1_24556.txt,1_24556.png,1
1_17692.txt,1_17692.png,1
0_12594.txt,0_12594.png,0
1_9846.txt,1_9846.png,1
1_28254.txt,1_28254.png,1
0_9741.txt,0_9741.png,0
0_16548.txt,0_16548.png,0
0_17872.txt,0_17872.png,0
0_20681.txt,0_20681.png,0
1_15617.txt,1_15617.png,1
0_233.txt,0_233.png,0
0_8951.txt,0_8951.png,0
1_18739.txt,1_18739.png,1
1_18400.txt,1_18400.png,1
1_13748.txt,1_13748.png,1
1_13167.txt,1_13167.png,1
0_15333.txt,0_15333.png,0
1_1422.txt,1_1422.png,1
0_19252.txt,0_19252.png,0
0_20302.txt,0_20302.png,0
0_17736.txt,0_17736.png,0
0_2048.txt,0_2048.png,0
1_25309.txt,1_25309.png,1
0_19662.txt,0_19662.png,0
1_13581.txt,1_13581.png,1
1_22762.txt,1_22762.png,1
0_15667.txt,0_15667.png,0
0_2538.txt,0_2538.png,0
1_2189.txt,1_2189.png,1
0_1088.txt,0_1088.png,0
0_11301.txt,0_11301.png,0
1_15204.txt,1_15204.png,1
0_9311.txt,0_9311.png,0
1_27907.txt,1_27907.png,1
0_12675.txt,0_12675.png,0
0_1745.txt,0_1745.png,0
1_26540.txt,1_26540.png,1
1_26773.txt,1_26773.png,1
1_28447.txt,1_28447.png,1
0_2491.txt,0_2491.png,0
0_16.txt,0_16.png,0
1_10268.txt,1_10268.png,1
1_18969.txt,1_18969.png,1
1_16290.txt,1_16290.png,1
1_5576.txt,1_5576.png,1
0_10796.txt,0_10796.png,0
1_23568.txt,1_23568.png,1
0_2507.txt,0_2507.png,0
1_11917.txt,1_11917.png,1
0_6589.txt,0_6589.png,0
1_16392.txt,1_16392.png,1
0_4835.txt,0_4835.png,0
0_11467.txt,0_11467.png,0
0_15195.txt,0_15195.png,0
0_16592.txt,0_16592.png,0
1_9234.txt,1_9234.png,1
1_1901.txt,1_1901.png,1
1_8468.txt,1_8468.png,1
0_18663.txt,0_18663.png,0
1_543.txt,1_543.png,1
1_28107.txt,1_28107.png,1
0_6347.txt,0_6347.png,0
0_5411.txt,0_5411.png,0
0_20813.txt,0_20813.png,0
1_1163.txt,1_1163.png,1
0_1252.txt,0_1252.png,0
1_26124.txt,1_26124.png,1
0_7913.txt,0_7913.png,0
1_7100.txt,1_7100.png,1
0_20512.txt,0_20512.png,0
0_12375.txt,0_12375.png,0
1_5223.txt,1_5223.png,1
0_8844.txt,0_8844.png,0
1_21339.txt,1_21339.png,1
1_3366.txt,1_3366.png,1
0_12846.txt,0_12846.png,0
0_19294.txt,0_19294.png,0
0_17623.txt,0_17623.png,0
1_11100.txt,1_11100.png,1
0_2813.txt,0_2813.png,0
1_7519.txt,1_7519.png,1
0_1893.txt,0_1893.png,0
0_14572.txt,0_14572.png,0
1_21250.txt,1_21250.png,1
1_14188.txt,1_14188.png,1
1_2863.txt,1_2863.png,1
1_4351.txt,1_4351.png,1
1_6161.txt,1_6161.png,1
0_18930.txt,0_18930.png,0
0_20442.txt,0_20442.png,0
0_18619.txt,0_18619.png,0
0_18617.txt,0_18617.png,0
0_16252.txt,0_16252.png,0
1_4828.txt,1_4828.png,1
1_8409.txt,1_8409.png,1
1_10166.txt,1_10166.png,1
0_15325.txt,0_15325.png,0
1_6926.txt,1_6926.png,1
0_19831.txt,0_19831.png,0
1_11762.txt,1_11762.png,1
1_20532.txt,1_20532.png,1
1_24471.txt,1_24471.png,1
1_4605.txt,1_4605.png,1
0_2335.txt,0_2335.png,0
1_2996.txt,1_2996.png,1
0_10972.txt,0_10972.png,0
0_209.txt,0_209.png,0
0_2112.txt,0_2112.png,0
1_28738.txt,1_28738.png,1
1_12005.txt,1_12005.png,1
0_20758.txt,0_20758.png,0
0_18399.txt,0_18399.png,0
1_10239.txt,1_10239.png,1
0_2566.txt,0_2566.png,0
1_7772.txt,1_7772.png,1
1_15085.txt,1_15085.png,1
1_16671.txt,1_16671.png,1
1_9598.txt,1_9598.png,1
0_8762.txt,0_8762.png,0
1_27011.txt,1_27011.png,1
1_17311.txt,1_17311.png,1
1_1005.txt,1_1005.png,1
1_22230.txt,1_22230.png,1
0_2279.txt,0_2279.png,0
1_9073.txt,1_9073.png,1
1_24046.txt,1_24046.png,1
1_454.txt,1_454.png,1
1_4448.txt,1_4448.png,1
0_1862.txt,0_1862.png,0
1_2322.txt,1_2322.png,1
0_8634.txt,0_8634.png,0
1_17026.txt,1_17026.png,1
0_8345.txt,0_8345.png,0
0_6848.txt,0_6848.png,0
1_14085.txt,1_14085.png,1
1_28528.txt,1_28528.png,1
1_15601.txt,1_15601.png,1
0_19274.txt,0_19274.png,0
0_2434.txt,0_2434.png,0
0_16671.txt,0_16671.png,0
1_23348.txt,1_23348.png,1
1_16739.txt,1_16739.png,1
1_22204.txt,1_22204.png,1
1_17023.txt,1_17023.png,1
1_26643.txt,1_26643.png,1
1_7390.txt,1_7390.png,1
1_22087.txt,1_22087.png,1
1_13197.txt,1_13197.png,1
1_17853.txt,1_17853.png,1
1_12993.txt,1_12993.png,1
0_13988.txt,0_13988.png,0
1_5459.txt,1_5459.png,1
1_25075.txt,1_25075.png,1
1_28233.txt,1_28233.png,1
0_17095.txt,0_17095.png,0
1_25830.txt,1_25830.png,1
1_19707.txt,1_19707.png,1
1_28417.txt,1_28417.png,1
1_5012.txt,1_5012.png,1
0_4283.txt,0_4283.png,0
1_12671.txt,1_12671.png,1
0_20037.txt,0_20037.png,0
1_18335.txt,1_18335.png,1
0_13961.txt,0_13961.png,0
1_13611.txt,1_13611.png,1
0_4822.txt,0_4822.png,0
0_434.txt,0_434.png,0
0_20717.txt,0_20717.png,0
1_17871.txt,1_17871.png,1
0_4720.txt,0_4720.png,0
0_10520.txt,0_10520.png,0
1_16028.txt,1_16028.png,1
1_3227.txt,1_3227.png,1
1_16368.txt,1_16368.png,1
1_11275.txt,1_11275.png,1
1_21654.txt,1_21654.png,1
1_14886.txt,1_14886.png,1
1_9293.txt,1_9293.png,1
0_17203.txt,0_17203.png,0
1_19105.txt,1_19105.png,1
0_15587.txt,0_15587.png,0
1_14304.txt,1_14304.png,1
1_11538.txt,1_11538.png,1
0_20765.txt,0_20765.png,0
1_16707.txt,1_16707.png,1
0_5509.txt,0_5509.png,0
1_25953.txt,1_25953.png,1
0_13168.txt,0_13168.png,0
0_13974.txt,0_13974.png,0
0_13088.txt,0_13088.png,0
1_12486.txt,1_12486.png,1
1_19327.txt,1_19327.png,1
1_20164.txt,1_20164.png,1
1_8358.txt,1_8358.png,1
0_9878.txt,0_9878.png,0
0_5851.txt,0_5851.png,0
0_10558.txt,0_10558.png,0
1_9093.txt,1_9093.png,1
0_6835.txt,0_6835.png,0
0_9812.txt,0_9812.png,0
1_9468.txt,1_9468.png,1
1_26789.txt,1_26789.png,1
0_20812.txt,0_20812.png,0
1_176.txt,1_176.png,1
1_8454.txt,1_8454.png,1
1_19976.txt,1_19976.png,1
0_19004.txt,0_19004.png,0
1_27828.txt,1_27828.png,1
1_20585.txt,1_20585.png,1
1_19886.txt,1_19886.png,1
1_17398.txt,1_17398.png,1
1_212.txt,1_212.png,1
0_535.txt,0_535.png,0
1_22607.txt,1_22607.png,1
0_12694.txt,0_12694.png,0
0_2685.txt,0_2685.png,0
1_20273.txt,1_20273.png,1
1_27998.txt,1_27998.png,1
0_7615.txt,0_7615.png,0
1_6916.txt,1_6916.png,1
0_18303.txt,0_18303.png,0
1_3180.txt,1_3180.png,1
1_20787.txt,1_20787.png,1
1_20041.txt,1_20041.png,1
1_1741.txt,1_1741.png,1
1_5146.txt,1_5146.png,1
1_23222.txt,1_23222.png,1
1_19516.txt,1_19516.png,1
1_4613.txt,1_4613.png,1
1_27101.txt,1_27101.png,1
0_20114.txt,0_20114.png,0
1_11264.txt,1_11264.png,1
0_5377.txt,0_5377.png,0
0_4461.txt,0_4461.png,0
1_16861.txt,1_16861.png,1
1_26939.txt,1_26939.png,1
1_2710.txt,1_2710.png,1
0_2370.txt,0_2370.png,0
1_19533.txt,1_19533.png,1
1_28600.txt,1_28600.png,1
0_9877.txt,0_9877.png,0
0_1850.txt,0_1850.png,0
1_18587.txt,1_18587.png,1
0_8188.txt,0_8188.png,0
1_15102.txt,1_15102.png,1
1_26716.txt,1_26716.png,1
0_17374.txt,0_17374.png,0
0_2173.txt,0_2173.png,0
1_9672.txt,1_9672.png,1
0_111.txt,0_111.png,0
1_28476.txt,1_28476.png,1
1_21594.txt,1_21594.png,1
1_15851.txt,1_15851.png,1
0_1028.txt,0_1028.png,0
0_2966.txt,0_2966.png,0
0_5730.txt,0_5730.png,0
1_26332.txt,1_26332.png,1
0_17989.txt,0_17989.png,0
1_28156.txt,1_28156.png,1
1_23318.txt,1_23318.png,1
0_16857.txt,0_16857.png,0
1_1792.txt,1_1792.png,1
0_13858.txt,0_13858.png,0
0_8814.txt,0_8814.png,0
0_7403.txt,0_7403.png,0
1_9008.txt,1_9008.png,1
0_15050.txt,0_15050.png,0
1_20755.txt,1_20755.png,1
0_519.txt,0_519.png,0
1_5946.txt,1_5946.png,1
0_7507.txt,0_7507.png,0
0_2278.txt,0_2278.png,0
1_10926.txt,1_10926.png,1
1_27960.txt,1_27960.png,1
1_3570.txt,1_3570.png,1
1_16423.txt,1_16423.png,1
1_3377.txt,1_3377.png,1
0_4426.txt,0_4426.png,0
0_14834.txt,0_14834.png,0
1_10127.txt,1_10127.png,1
0_5712.txt,0_5712.png,0
0_8307.txt,0_8307.png,0
1_12790.txt,1_12790.png,1
1_22377.txt,1_22377.png,1
1_16166.txt,1_16166.png,1
1_20969.txt,1_20969.png,1
1_15724.txt,1_15724.png,1
1_3003.txt,1_3003.png,1
1_18370.txt,1_18370.png,1
0_10228.txt,0_10228.png,0
0_4901.txt,0_4901.png,0
0_9549.txt,0_9549.png,0
0_531.txt,0_531.png,0
0_16399.txt,0_16399.png,0
1_12712.txt,1_12712.png,1
1_14769.txt,1_14769.png,1
1_1584.txt,1_1584.png,1
0_9559.txt,0_9559.png,0
1_15465.txt,1_15465.png,1
1_1175.txt,1_1175.png,1
1_17267.txt,1_17267.png,1
1_19386.txt,1_19386.png,1
1_23715.txt,1_23715.png,1
1_16342.txt,1_16342.png,1
1_5046.txt,1_5046.png,1
1_4892.txt,1_4892.png,1
1_14763.txt,1_14763.png,1
1_5763.txt,1_5763.png,1
1_15824.txt,1_15824.png,1
1_20274.txt,1_20274.png,1
0_19172.txt,0_19172.png,0
1_7789.txt,1_7789.png,1
1_27904.txt,1_27904.png,1
0_5185.txt,0_5185.png,0
1_20885.txt,1_20885.png,1
1_1704.txt,1_1704.png,1
1_13694.txt,1_13694.png,1
1_14462.txt,1_14462.png,1
0_8647.txt,0_8647.png,0
1_10823.txt,1_10823.png,1
0_11890.txt,0_11890.png,0
1_22256.txt,1_22256.png,1
0_5150.txt,0_5150.png,0
1_22471.txt,1_22471.png,1
0_13062.txt,0_13062.png,0
0_7687.txt,0_7687.png,0
0_6548.txt,0_6548.png,0
1_26760.txt,1_26760.png,1
0_158.txt,0_158.png,0
0_4175.txt,0_4175.png,0
1_23885.txt,1_23885.png,1
1_1276.txt,1_1276.png,1
1_6684.txt,1_6684.png,1
1_330.txt,1_330.png,1
0_18329.txt,0_18329.png,0
0_16397.txt,0_16397.png,0
0_7836.txt,0_7836.png,0
1_7134.txt,1_7134.png,1
0_5868.txt,0_5868.png,0
0_4137.txt,0_4137.png,0
1_22518.txt,1_22518.png,1
1_24431.txt,1_24431.png,1
1_8537.txt,1_8537.png,1
1_16305.txt,1_16305.png,1
1_26529.txt,1_26529.png,1
0_7169.txt,0_7169.png,0
0_13629.txt,0_13629.png,0
0_16122.txt,0_16122.png,0
0_6082.txt,0_6082.png,0
0_14981.txt,0_14981.png,0
0_9512.txt,0_9512.png,0
0_3818.txt,0_3818.png,0
1_10896.txt,1_10896.png,1
1_28313.txt,1_28313.png,1
1_26869.txt,1_26869.png,1
0_12540.txt,0_12540.png,0
0_13307.txt,0_13307.png,0
1_26611.txt,1_26611.png,1
0_9378.txt,0_9378.png,0
1_11121.txt,1_11121.png,1
0_1953.txt,0_1953.png,0
1_21879.txt,1_21879.png,1
1_1180.txt,1_1180.png,1
1_22529.txt,1_22529.png,1
1_6100.txt,1_6100.png,1
1_10189.txt,1_10189.png,1
0_106.txt,0_106.png,0
0_4804.txt,0_4804.png,0
1_949.txt,1_949.png,1
1_6756.txt,1_6756.png,1
0_8801.txt,0_8801.png,0
1_7982.txt,1_7982.png,1
0_18076.txt,0_18076.png,0
1_3780.txt,1_3780.png,1
0_9431.txt,0_9431.png,0
1_16814.txt,1_16814.png,1
1_26137.txt,1_26137.png,1
0_10585.txt,0_10585.png,0
1_13983.txt,1_13983.png,1
0_8978.txt,0_8978.png,0
1_21001.txt,1_21001.png,1
1_8034.txt,1_8034.png,1
1_6340.txt,1_6340.png,1
1_4689.txt,1_4689.png,1
1_12903.txt,1_12903.png,1
1_13826.txt,1_13826.png,1
0_19354.txt,0_19354.png,0
0_15006.txt,0_15006.png,0
0_15701.txt,0_15701.png,0
0_7252.txt,0_7252.png,0
0_10945.txt,0_10945.png,0
1_6660.txt,1_6660.png,1
0_13901.txt,0_13901.png,0
1_11568.txt,1_11568.png,1
0_15307.txt,0_15307.png,0
1_3016.txt,1_3016.png,1
1_24060.txt,1_24060.png,1
1_12858.txt,1_12858.png,1
1_12609.txt,1_12609.png,1
1_19031.txt,1_19031.png,1
1_6537.txt,1_6537.png,1
0_12396.txt,0_12396.png,0
1_7133.txt,1_7133.png,1
1_19306.txt,1_19306.png,1
0_9454.txt,0_9454.png,0
1_2969.txt,1_2969.png,1
0_12714.txt,0_12714.png,0
1_27443.txt,1_27443.png,1
0_16960.txt,0_16960.png,0
1_26574.txt,1_26574.png,1
1_17901.txt,1_17901.png,1
1_28162.txt,1_28162.png,1
1_3986.txt,1_3986.png,1
0_5950.txt,0_5950.png,0
1_17364.txt,1_17364.png,1
0_9333.txt,0_9333.png,0
1_14471.txt,1_14471.png,1
0_9332.txt,0_9332.png,0
0_14342.txt,0_14342.png,0
0_12834.txt,0_12834.png,0
0_9280.txt,0_9280.png,0
0_381.txt,0_381.png,0
1_19841.txt,1_19841.png,1
1_8053.txt,1_8053.png,1
1_8481.txt,1_8481.png,1
1_15695.txt,1_15695.png,1
1_4729.txt,1_4729.png,1
0_10042.txt,0_10042.png,0
1_12894.txt,1_12894.png,1
1_16247.txt,1_16247.png,1
0_17529.txt,0_17529.png,0
0_19964.txt,0_19964.png,0
1_18177.txt,1_18177.png,1
0_2348.txt,0_2348.png,0
1_5034.txt,1_5034.png,1
1_6308.txt,1_6308.png,1
0_15306.txt,0_15306.png,0
0_12371.txt,0_12371.png,0
1_28277.txt,1_28277.png,1
1_10735.txt,1_10735.png,1
0_5824.txt,0_5824.png,0
0_20270.txt,0_20270.png,0
0_6049.txt,0_6049.png,0
1_15159.txt,1_15159.png,1
1_23200.txt,1_23200.png,1
1_12865.txt,1_12865.png,1
0_12253.txt,0_12253.png,0
0_6345.txt,0_6345.png,0
0_14777.txt,0_14777.png,0
0_5792.txt,0_5792.png,0
0_16567.txt,0_16567.png,0
1_26484.txt,1_26484.png,1
0_18142.txt,0_18142.png,0
0_9235.txt,0_9235.png,0
0_5413.txt,0_5413.png,0
0_19254.txt,0_19254.png,0
1_11065.txt,1_11065.png,1
0_15749.txt,0_15749.png,0
1_5770.txt,1_5770.png,1
0_17247.txt,0_17247.png,0
1_12955.txt,1_12955.png,1
1_28515.txt,1_28515.png,1
0_9141.txt,0_9141.png,0
1_19587.txt,1_19587.png,1
0_4079.txt,0_4079.png,0
1_6111.txt,1_6111.png,1
1_7881.txt,1_7881.png,1
0_9474.txt,0_9474.png,0
0_1817.txt,0_1817.png,0
1_20482.txt,1_20482.png,1
1_7401.txt,1_7401.png,1
1_17190.txt,1_17190.png,1
1_20214.txt,1_20214.png,1
1_7955.txt,1_7955.png,1
1_4822.txt,1_4822.png,1
0_13324.txt,0_13324.png,0
1_1282.txt,1_1282.png,1
0_4969.txt,0_4969.png,0
0_14654.txt,0_14654.png,0
1_24342.txt,1_24342.png,1
1_5653.txt,1_5653.png,1
1_8194.txt,1_8194.png,1
0_2547.txt,0_2547.png,0
0_8898.txt,0_8898.png,0
1_13352.txt,1_13352.png,1
1_22224.txt,1_22224.png,1
1_3931.txt,1_3931.png,1
0_20733.txt,0_20733.png,0
1_2338.txt,1_2338.png,1
1_10036.txt,1_10036.png,1
1_14707.txt,1_14707.png,1
1_4878.txt,1_4878.png,1
0_10044.txt,0_10044.png,0
0_2514.txt,0_2514.png,0
1_842.txt,1_842.png,1
1_16666.txt,1_16666.png,1
1_2059.txt,1_2059.png,1
1_11504.txt,1_11504.png,1
1_9451.txt,1_9451.png,1
1_21600.txt,1_21600.png,1
1_4408.txt,1_4408.png,1
0_3777.txt,0_3777.png,0
0_18016.txt,0_18016.png,0
1_4108.txt,1_4108.png,1
0_16643.txt,0_16643.png,0
1_16621.txt,1_16621.png,1
0_10602.txt,0_10602.png,0
0_11177.txt,0_11177.png,0
0_1012.txt,0_1012.png,0
0_10834.txt,0_10834.png,0
1_4264.txt,1_4264.png,1
1_19495.txt,1_19495.png,1
1_14019.txt,1_14019.png,1
0_4886.txt,0_4886.png,0
1_12082.txt,1_12082.png,1
1_26697.txt,1_26697.png,1
0_6048.txt,0_6048.png,0
1_1710.txt,1_1710.png,1
1_23034.txt,1_23034.png,1
1_9141.txt,1_9141.png,1
0_60.txt,0_60.png,0
0_9305.txt,0_9305.png,0
1_28148.txt,1_28148.png,1
0_2416.txt,0_2416.png,0
1_26407.txt,1_26407.png,1
1_14804.txt,1_14804.png,1
1_7451.txt,1_7451.png,1
1_7682.txt,1_7682.png,1
1_18832.txt,1_18832.png,1
0_1149.txt,0_1149.png,0
1_9613.txt,1_9613.png,1
0_8224.txt,0_8224.png,0
1_11597.txt,1_11597.png,1
0_15963.txt,0_15963.png,0
1_9694.txt,1_9694.png,1
1_13396.txt,1_13396.png,1
1_27506.txt,1_27506.png,1
1_27970.txt,1_27970.png,1
0_19087.txt,0_19087.png,0
0_5092.txt,0_5092.png,0
0_19014.txt,0_19014.png,0
0_6759.txt,0_6759.png,0
0_10342.txt,0_10342.png,0
1_15460.txt,1_15460.png,1
1_23129.txt,1_23129.png,1
0_12810.txt,0_12810.png,0
1_12425.txt,1_12425.png,1
1_21726.txt,1_21726.png,1
0_18639.txt,0_18639.png,0
1_21111.txt,1_21111.png,1
0_18742.txt,0_18742.png,0
1_12691.txt,1_12691.png,1
0_8941.txt,0_8941.png,0
1_9405.txt,1_9405.png,1
1_28953.txt,1_28953.png,1
1_19176.txt,1_19176.png,1
1_11196.txt,1_11196.png,1
1_13995.txt,1_13995.png,1
0_840.txt,0_840.png,0
1_22349.txt,1_22349.png,1
0_6244.txt,0_6244.png,0
0_18844.txt,0_18844.png,0
0_13861.txt,0_13861.png,0
1_17012.txt,1_17012.png,1
0_10680.txt,0_10680.png,0
0_16559.txt,0_16559.png,0
1_22528.txt,1_22528.png,1
1_20297.txt,1_20297.png,1
0_20284.txt,0_20284.png,0
1_13897.txt,1_13897.png,1
0_9513.txt,0_9513.png,0
0_7771.txt,0_7771.png,0
1_5843.txt,1_5843.png,1
1_9877.txt,1_9877.png,1
1_24787.txt,1_24787.png,1
0_20034.txt,0_20034.png,0
0_722.txt,0_722.png,0
1_13473.txt,1_13473.png,1
0_5686.txt,0_5686.png,0
1_12353.txt,1_12353.png,1
0_13995.txt,0_13995.png,0
0_17329.txt,0_17329.png,0
0_15192.txt,0_15192.png,0
1_3053.txt,1_3053.png,1
0_10125.txt,0_10125.png,0
1_23657.txt,1_23657.png,1
0_1014.txt,0_1014.png,0
1_27327.txt,1_27327.png,1
0_16772.txt,0_16772.png,0
1_28510.txt,1_28510.png,1
1_20090.txt,1_20090.png,1
1_26070.txt,1_26070.png,1
1_22134.txt,1_22134.png,1
1_28396.txt,1_28396.png,1
1_21051.txt,1_21051.png,1
1_10527.txt,1_10527.png,1
0_5010.txt,0_5010.png,0
0_9345.txt,0_9345.png,0
1_19242.txt,1_19242.png,1
0_15837.txt,0_15837.png,0
1_27434.txt,1_27434.png,1
0_4942.txt,0_4942.png,0
0_3003.txt,0_3003.png,0
0_6354.txt,0_6354.png,0
0_3984.txt,0_3984.png,0
1_12233.txt,1_12233.png,1
0_6190.txt,0_6190.png,0
0_8119.txt,0_8119.png,0
0_14974.txt,0_14974.png,0
1_16941.txt,1_16941.png,1
1_26706.txt,1_26706.png,1
1_2854.txt,1_2854.png,1
1_22643.txt,1_22643.png,1
0_14333.txt,0_14333.png,0
1_3732.txt,1_3732.png,1
0_20215.txt,0_20215.png,0
1_22363.txt,1_22363.png,1
0_16290.txt,0_16290.png,0
1_1863.txt,1_1863.png,1
1_28486.txt,1_28486.png,1
1_15981.txt,1_15981.png,1
0_7581.txt,0_7581.png,0
1_21202.txt,1_21202.png,1
0_20387.txt,0_20387.png,0
0_2509.txt,0_2509.png,0
1_22860.txt,1_22860.png,1
1_14815.txt,1_14815.png,1
0_19326.txt,0_19326.png,0
1_3402.txt,1_3402.png,1
1_22269.txt,1_22269.png,1
0_1314.txt,0_1314.png,0
0_7985.txt,0_7985.png,0
1_27150.txt,1_27150.png,1
1_18111.txt,1_18111.png,1
1_6567.txt,1_6567.png,1
1_8739.txt,1_8739.png,1
1_20697.txt,1_20697.png,1
1_4035.txt,1_4035.png,1
1_3467.txt,1_3467.png,1
1_25632.txt,1_25632.png,1
0_15475.txt,0_15475.png,0
1_10254.txt,1_10254.png,1
1_2418.txt,1_2418.png,1
1_15359.txt,1_15359.png,1
1_4039.txt,1_4039.png,1
0_19358.txt,0_19358.png,0
1_20744.txt,1_20744.png,1
0_2513.txt,0_2513.png,0
1_3928.txt,1_3928.png,1
1_21856.txt,1_21856.png,1
0_18983.txt,0_18983.png,0
1_2004.txt,1_2004.png,1
1_20348.txt,1_20348.png,1
1_26787.txt,1_26787.png,1
0_20406.txt,0_20406.png,0
1_2593.txt,1_2593.png,1
0_16045.txt,0_16045.png,0
0_11550.txt,0_11550.png,0
0_15348.txt,0_15348.png,0
1_12732.txt,1_12732.png,1
1_8020.txt,1_8020.png,1
0_1.txt,0_1.png,0
1_5977.txt,1_5977.png,1
1_16776.txt,1_16776.png,1
0_17975.txt,0_17975.png,0
1_26846.txt,1_26846.png,1
1_25631.txt,1_25631.png,1
1_6483.txt,1_6483.png,1
1_13477.txt,1_13477.png,1
0_11377.txt,0_11377.png,0
1_4829.txt,1_4829.png,1
0_2519.txt,0_2519.png,0
1_9957.txt,1_9957.png,1
1_10927.txt,1_10927.png,1
1_27225.txt,1_27225.png,1
0_16151.txt,0_16151.png,0
1_26178.txt,1_26178.png,1
1_21546.txt,1_21546.png,1
0_13096.txt,0_13096.png,0
1_20154.txt,1_20154.png,1
0_5406.txt,0_5406.png,0
1_28005.txt,1_28005.png,1
1_19429.txt,1_19429.png,1
0_11260.txt,0_11260.png,0
1_22996.txt,1_22996.png,1
0_15424.txt,0_15424.png,0
1_20718.txt,1_20718.png,1
1_11813.txt,1_11813.png,1
1_19671.txt,1_19671.png,1
0_12438.txt,0_12438.png,0
1_22517.txt,1_22517.png,1
1_25870.txt,1_25870.png,1
1_14513.txt,1_14513.png,1
1_6367.txt,1_6367.png,1
0_5511.txt,0_5511.png,0
1_341.txt,1_341.png,1
1_6204.txt,1_6204.png,1
0_5124.txt,0_5124.png,0
0_1332.txt,0_1332.png,0
0_5114.txt,0_5114.png,0
1_7298.txt,1_7298.png,1
0_5435.txt,0_5435.png,0
0_12642.txt,0_12642.png,0
0_9884.txt,0_9884.png,0
0_10402.txt,0_10402.png,0
1_14791.txt,1_14791.png,1
1_15864.txt,1_15864.png,1
0_16266.txt,0_16266.png,0
1_16095.txt,1_16095.png,1
0_10915.txt,0_10915.png,0
0_14926.txt,0_14926.png,0
1_24531.txt,1_24531.png,1
1_5707.txt,1_5707.png,1
1_22670.txt,1_22670.png,1
0_1889.txt,0_1889.png,0
1_7258.txt,1_7258.png,1
1_22530.txt,1_22530.png,1
0_3183.txt,0_3183.png,0
1_3850.txt,1_3850.png,1
0_19795.txt,0_19795.png,0
0_2646.txt,0_2646.png,0
1_15837.txt,1_15837.png,1
1_24975.txt,1_24975.png,1
1_19892.txt,1_19892.png,1
1_28111.txt,1_28111.png,1
0_1238.txt,0_1238.png,0
1_5294.txt,1_5294.png,1
0_15098.txt,0_15098.png,0
0_15230.txt,0_15230.png,0
1_16495.txt,1_16495.png,1
1_5369.txt,1_5369.png,1
0_355.txt,0_355.png,0
1_15277.txt,1_15277.png,1
0_20827.txt,0_20827.png,0
0_6198.txt,0_6198.png,0
0_4034.txt,0_4034.png,0
1_26921.txt,1_26921.png,1
1_7094.txt,1_7094.png,1
0_7362.txt,0_7362.png,0
0_475.txt,0_475.png,0
0_15157.txt,0_15157.png,0
1_4455.txt,1_4455.png,1
1_17324.txt,1_17324.png,1
0_16479.txt,0_16479.png,0
1_22325.txt,1_22325.png,1
0_10058.txt,0_10058.png,0
0_18764.txt,0_18764.png,0
0_171.txt,0_171.png,0
0_6902.txt,0_6902.png,0
1_6925.txt,1_6925.png,1
0_8807.txt,0_8807.png,0
1_20993.txt,1_20993.png,1
0_3971.txt,0_3971.png,0
1_4243.txt,1_4243.png,1
1_26335.txt,1_26335.png,1
1_15774.txt,1_15774.png,1
1_4305.txt,1_4305.png,1
1_28070.txt,1_28070.png,1
1_7621.txt,1_7621.png,1
1_14972.txt,1_14972.png,1
1_17689.txt,1_17689.png,1
0_13118.txt,0_13118.png,0
0_7871.txt,0_7871.png,0
0_7223.txt,0_7223.png,0
1_10045.txt,1_10045.png,1
1_8763.txt,1_8763.png,1
0_5588.txt,0_5588.png,0
1_1954.txt,1_1954.png,1
1_28232.txt,1_28232.png,1
0_3431.txt,0_3431.png,0
0_15372.txt,0_15372.png,0
1_22986.txt,1_22986.png,1
1_21433.txt,1_21433.png,1
1_3211.txt,1_3211.png,1
1_2116.txt,1_2116.png,1
0_1979.txt,0_1979.png,0
0_3156.txt,0_3156.png,0
1_2608.txt,1_2608.png,1
0_10725.txt,0_10725.png,0
1_26458.txt,1_26458.png,1
1_22629.txt,1_22629.png,1
1_27968.txt,1_27968.png,1
0_13632.txt,0_13632.png,0
0_12769.txt,0_12769.png,0
1_6217.txt,1_6217.png,1
0_12670.txt,0_12670.png,0
1_25885.txt,1_25885.png,1
1_23779.txt,1_23779.png,1
0_2038.txt,0_2038.png,0
1_9733.txt,1_9733.png,1
0_14716.txt,0_14716.png,0
1_19090.txt,1_19090.png,1
0_20228.txt,0_20228.png,0
0_14265.txt,0_14265.png,0
1_14084.txt,1_14084.png,1
1_20097.txt,1_20097.png,1
0_15550.txt,0_15550.png,0
1_6079.txt,1_6079.png,1
0_18111.txt,0_18111.png,0
0_2396.txt,0_2396.png,0
0_8513.txt,0_8513.png,0
0_6129.txt,0_6129.png,0
1_15975.txt,1_15975.png,1
1_144.txt,1_144.png,1
1_6648.txt,1_6648.png,1
1_8850.txt,1_8850.png,1
0_14411.txt,0_14411.png,0
1_15459.txt,1_15459.png,1
0_20326.txt,0_20326.png,0
1_13259.txt,1_13259.png,1
1_2767.txt,1_2767.png,1
1_3279.txt,1_3279.png,1
0_8770.txt,0_8770.png,0
1_1253.txt,1_1253.png,1
0_6939.txt,0_6939.png,0
1_14065.txt,1_14065.png,1
1_7180.txt,1_7180.png,1
0_9357.txt,0_9357.png,0
1_8040.txt,1_8040.png,1
0_18835.txt,0_18835.png,0
0_12842.txt,0_12842.png,0
1_7003.txt,1_7003.png,1
0_12620.txt,0_12620.png,0
0_16328.txt,0_16328.png,0
1_11839.txt,1_11839.png,1
1_12687.txt,1_12687.png,1
1_9266.txt,1_9266.png,1
0_1650.txt,0_1650.png,0
0_17039.txt,0_17039.png,0
1_26744.txt,1_26744.png,1
0_261.txt,0_261.png,0
1_10407.txt,1_10407.png,1
0_19370.txt,0_19370.png,0
1_26533.txt,1_26533.png,1
0_13171.txt,0_13171.png,0
1_4745.txt,1_4745.png,1
1_9282.txt,1_9282.png,1
0_5113.txt,0_5113.png,0
1_27284.txt,1_27284.png,1
1_22004.txt,1_22004.png,1
0_14494.txt,0_14494.png,0
0_5405.txt,0_5405.png,0
1_28100.txt,1_28100.png,1
0_16176.txt,0_16176.png,0
1_1121.txt,1_1121.png,1
1_13579.txt,1_13579.png,1
1_24888.txt,1_24888.png,1
1_8578.txt,1_8578.png,1
0_14818.txt,0_14818.png,0
1_8617.txt,1_8617.png,1
1_5545.txt,1_5545.png,1
1_11546.txt,1_11546.png,1
0_3625.txt,0_3625.png,0
1_11107.txt,1_11107.png,1
0_11805.txt,0_11805.png,0
1_13573.txt,1_13573.png,1
1_4233.txt,1_4233.png,1
0_98.txt,0_98.png,0
0_646.txt,0_646.png,0
0_14938.txt,0_14938.png,0
0_20335.txt,0_20335.png,0
1_5540.txt,1_5540.png,1
1_24439.txt,1_24439.png,1
0_15856.txt,0_15856.png,0
1_6788.txt,1_6788.png,1
1_10688.txt,1_10688.png,1
1_6329.txt,1_6329.png,1
1_17717.txt,1_17717.png,1
1_6420.txt,1_6420.png,1
0_2965.txt,0_2965.png,0
1_8045.txt,1_8045.png,1
1_2084.txt,1_2084.png,1
1_14856.txt,1_14856.png,1
1_4504.txt,1_4504.png,1
0_12662.txt,0_12662.png,0
0_13248.txt,0_13248.png,0
1_13035.txt,1_13035.png,1
0_13999.txt,0_13999.png,0
0_6263.txt,0_6263.png,0
1_19511.txt,1_19511.png,1
0_7709.txt,0_7709.png,0
0_7804.txt,0_7804.png,0
0_1655.txt,0_1655.png,0
1_399.txt,1_399.png,1
1_15239.txt,1_15239.png,1
1_26861.txt,1_26861.png,1
1_15280.txt,1_15280.png,1
0_1162.txt,0_1162.png,0
1_2672.txt,1_2672.png,1
1_3419.txt,1_3419.png,1
0_3403.txt,0_3403.png,0
1_4976.txt,1_4976.png,1
0_11376.txt,0_11376.png,0
1_16284.txt,1_16284.png,1
1_7272.txt,1_7272.png,1
1_19220.txt,1_19220.png,1
0_20773.txt,0_20773.png,0
1_1372.txt,1_1372.png,1
1_27505.txt,1_27505.png,1
1_926.txt,1_926.png,1
0_17706.txt,0_17706.png,0
0_12203.txt,0_12203.png,0
1_7143.txt,1_7143.png,1
0_17360.txt,0_17360.png,0
0_746.txt,0_746.png,0
1_7201.txt,1_7201.png,1
1_10020.txt,1_10020.png,1
1_27642.txt,1_27642.png,1
1_6939.txt,1_6939.png,1
1_7667.txt,1_7667.png,1
1_6095.txt,1_6095.png,1
0_19879.txt,0_19879.png,0
1_16112.txt,1_16112.png,1
0_11689.txt,0_11689.png,0
0_19325.txt,0_19325.png,0
1_19633.txt,1_19633.png,1
1_23407.txt,1_23407.png,1
0_18212.txt,0_18212.png,0
0_11857.txt,0_11857.png,0
0_19923.txt,0_19923.png,0
0_8837.txt,0_8837.png,0
0_17839.txt,0_17839.png,0
0_8733.txt,0_8733.png,0
0_7327.txt,0_7327.png,0
0_7092.txt,0_7092.png,0
1_24772.txt,1_24772.png,1
1_14417.txt,1_14417.png,1
1_26428.txt,1_26428.png,1
1_16079.txt,1_16079.png,1
1_27511.txt,1_27511.png,1
0_3399.txt,0_3399.png,0
0_16406.txt,0_16406.png,0
1_6215.txt,1_6215.png,1
1_2982.txt,1_2982.png,1
0_6070.txt,0_6070.png,0
1_23469.txt,1_23469.png,1
1_10424.txt,1_10424.png,1
1_1162.txt,1_1162.png,1
1_2561.txt,1_2561.png,1
1_22651.txt,1_22651.png,1
0_501.txt,0_501.png,0
1_28388.txt,1_28388.png,1
0_15231.txt,0_15231.png,0
1_28358.txt,1_28358.png,1
1_12338.txt,1_12338.png,1
0_13604.txt,0_13604.png,0
1_5627.txt,1_5627.png,1
1_17239.txt,1_17239.png,1
1_3168.txt,1_3168.png,1
0_12887.txt,0_12887.png,0
1_11660.txt,1_11660.png,1
0_5466.txt,0_5466.png,0
1_18475.txt,1_18475.png,1
0_13180.txt,0_13180.png,0
0_19953.txt,0_19953.png,0
1_13486.txt,1_13486.png,1
0_12426.txt,0_12426.png,0
1_26776.txt,1_26776.png,1
1_13972.txt,1_13972.png,1
1_22160.txt,1_22160.png,1
0_11917.txt,0_11917.png,0
0_11278.txt,0_11278.png,0
1_27955.txt,1_27955.png,1
0_1507.txt,0_1507.png,0
0_13321.txt,0_13321.png,0
1_10430.txt,1_10430.png,1
1_17351.txt,1_17351.png,1
0_10941.txt,0_10941.png,0
1_5373.txt,1_5373.png,1
1_16424.txt,1_16424.png,1
1_8297.txt,1_8297.png,1
1_28776.txt,1_28776.png,1
1_27196.txt,1_27196.png,1
1_22397.txt,1_22397.png,1
1_17666.txt,1_17666.png,1
0_6557.txt,0_6557.png,0
0_15627.txt,0_15627.png,0
1_15153.txt,1_15153.png,1
1_2476.txt,1_2476.png,1
0_4316.txt,0_4316.png,0
0_5121.txt,0_5121.png,0
0_706.txt,0_706.png,0
1_1911.txt,1_1911.png,1
1_10609.txt,1_10609.png,1
1_13889.txt,1_13889.png,1
1_24923.txt,1_24923.png,1
0_1663.txt,0_1663.png,0
0_15385.txt,0_15385.png,0
0_2748.txt,0_2748.png,0
1_6808.txt,1_6808.png,1
1_22329.txt,1_22329.png,1
0_1918.txt,0_1918.png,0
1_6429.txt,1_6429.png,1
1_2098.txt,1_2098.png,1
0_6224.txt,0_6224.png,0
1_9722.txt,1_9722.png,1
1_26608.txt,1_26608.png,1
1_5089.txt,1_5089.png,1
1_1985.txt,1_1985.png,1
1_25866.txt,1_25866.png,1
0_15715.txt,0_15715.png,0
0_8744.txt,0_8744.png,0
0_6640.txt,0_6640.png,0
1_24280.txt,1_24280.png,1
1_5275.txt,1_5275.png,1
1_4724.txt,1_4724.png,1
1_16817.txt,1_16817.png,1
1_22291.txt,1_22291.png,1
1_25873.txt,1_25873.png,1
1_21463.txt,1_21463.png,1
1_26590.txt,1_26590.png,1
0_20225.txt,0_20225.png,0
0_5715.txt,0_5715.png,0
0_17209.txt,0_17209.png,0
1_5645.txt,1_5645.png,1
0_20299.txt,0_20299.png,0
0_15293.txt,0_15293.png,0
0_5885.txt,0_5885.png,0
1_26268.txt,1_26268.png,1
1_11632.txt,1_11632.png,1
0_14166.txt,0_14166.png,0
1_12539.txt,1_12539.png,1
0_2182.txt,0_2182.png,0
1_21361.txt,1_21361.png,1
0_3463.txt,0_3463.png,0
1_19550.txt,1_19550.png,1
0_20351.txt,0_20351.png,0
0_5801.txt,0_5801.png,0
0_19113.txt,0_19113.png,0
0_18916.txt,0_18916.png,0
0_17248.txt,0_17248.png,0
1_11753.txt,1_11753.png,1
0_4096.txt,0_4096.png,0
0_15021.txt,0_15021.png,0
1_609.txt,1_609.png,1
0_6596.txt,0_6596.png,0
1_25299.txt,1_25299.png,1
1_11081.txt,1_11081.png,1
1_24317.txt,1_24317.png,1
1_23326.txt,1_23326.png,1
0_4474.txt,0_4474.png,0
1_3136.txt,1_3136.png,1
1_26585.txt,1_26585.png,1
1_26763.txt,1_26763.png,1
1_25661.txt,1_25661.png,1
0_1194.txt,0_1194.png,0
1_21779.txt,1_21779.png,1
1_7568.txt,1_7568.png,1
0_10710.txt,0_10710.png,0
1_10657.txt,1_10657.png,1
1_3494.txt,1_3494.png,1
1_13139.txt,1_13139.png,1
1_13912.txt,1_13912.png,1
1_11247.txt,1_11247.png,1
0_13622.txt,0_13622.png,0
1_23537.txt,1_23537.png,1
0_1972.txt,0_1972.png,0
1_10533.txt,1_10533.png,1
1_10192.txt,1_10192.png,1
1_17703.txt,1_17703.png,1
1_9057.txt,1_9057.png,1
0_5911.txt,0_5911.png,0
0_17808.txt,0_17808.png,0
1_1687.txt,1_1687.png,1
0_13751.txt,0_13751.png,0
0_5683.txt,0_5683.png,0
0_13766.txt,0_13766.png,0
1_8880.txt,1_8880.png,1
0_13747.txt,0_13747.png,0
1_18591.txt,1_18591.png,1
1_26637.txt,1_26637.png,1
0_8644.txt,0_8644.png,0
0_20421.txt,0_20421.png,0
1_16178.txt,1_16178.png,1
1_16732.txt,1_16732.png,1
1_25941.txt,1_25941.png,1
1_9666.txt,1_9666.png,1
0_5491.txt,0_5491.png,0
1_7096.txt,1_7096.png,1
0_5820.txt,0_5820.png,0
0_7495.txt,0_7495.png,0
1_21681.txt,1_21681.png,1
1_8037.txt,1_8037.png,1
1_10608.txt,1_10608.png,1
1_8059.txt,1_8059.png,1
1_22376.txt,1_22376.png,1
1_1226.txt,1_1226.png,1
1_3539.txt,1_3539.png,1
0_17205.txt,0_17205.png,0
1_11852.txt,1_11852.png,1
1_9427.txt,1_9427.png,1
1_277.txt,1_277.png,1
1_12348.txt,1_12348.png,1
1_27479.txt,1_27479.png,1
0_9646.txt,0_9646.png,0
0_5995.txt,0_5995.png,0
1_853.txt,1_853.png,1
1_14424.txt,1_14424.png,1
1_13005.txt,1_13005.png,1
1_17036.txt,1_17036.png,1
1_28802.txt,1_28802.png,1
1_7525.txt,1_7525.png,1
1_6322.txt,1_6322.png,1
1_884.txt,1_884.png,1
1_2757.txt,1_2757.png,1
0_2331.txt,0_2331.png,0
1_20693.txt,1_20693.png,1
1_4413.txt,1_4413.png,1
1_15809.txt,1_15809.png,1
0_12288.txt,0_12288.png,0
0_10130.txt,0_10130.png,0
0_3422.txt,0_3422.png,0
1_10439.txt,1_10439.png,1
1_3758.txt,1_3758.png,1
0_7436.txt,0_7436.png,0
0_3140.txt,0_3140.png,0
1_18809.txt,1_18809.png,1
1_4421.txt,1_4421.png,1
0_8191.txt,0_8191.png,0
1_14499.txt,1_14499.png,1
1_26364.txt,1_26364.png,1
1_25638.txt,1_25638.png,1
1_18461.txt,1_18461.png,1
0_4507.txt,0_4507.png,0
0_1123.txt,0_1123.png,0
1_9420.txt,1_9420.png,1
0_6582.txt,0_6582.png,0
0_4905.txt,0_4905.png,0
0_20869.txt,0_20869.png,0
0_20475.txt,0_20475.png,0
1_26373.txt,1_26373.png,1
0_5917.txt,0_5917.png,0
0_5539.txt,0_5539.png,0
0_893.txt,0_893.png,0
1_6769.txt,1_6769.png,1
1_7950.txt,1_7950.png,1
1_10946.txt,1_10946.png,1
1_19026.txt,1_19026.png,1
1_13721.txt,1_13721.png,1
1_21626.txt,1_21626.png,1
0_12367.txt,0_12367.png,0
0_8958.txt,0_8958.png,0
0_20549.txt,0_20549.png,0
0_7051.txt,0_7051.png,0
1_771.txt,1_771.png,1
1_23933.txt,1_23933.png,1
0_15130.txt,0_15130.png,0
0_14251.txt,0_14251.png,0
0_20638.txt,0_20638.png,0
0_3494.txt,0_3494.png,0
1_14314.txt,1_14314.png,1
0_18798.txt,0_18798.png,0
0_19641.txt,0_19641.png,0
1_10999.txt,1_10999.png,1
0_8999.txt,0_8999.png,0
1_23737.txt,1_23737.png,1
1_27679.txt,1_27679.png,1
0_13915.txt,0_13915.png,0
1_21394.txt,1_21394.png,1
0_3660.txt,0_3660.png,0
1_17770.txt,1_17770.png,1
1_15411.txt,1_15411.png,1
1_12556.txt,1_12556.png,1
1_18239.txt,1_18239.png,1
1_4119.txt,1_4119.png,1
0_5131.txt,0_5131.png,0
1_6832.txt,1_6832.png,1
1_19185.txt,1_19185.png,1
1_28871.txt,1_28871.png,1
1_646.txt,1_646.png,1
1_22186.txt,1_22186.png,1
0_4093.txt,0_4093.png,0
1_10855.txt,1_10855.png,1
1_28581.txt,1_28581.png,1
0_6494.txt,0_6494.png,0
1_9452.txt,1_9452.png,1
1_12140.txt,1_12140.png,1
0_14397.txt,0_14397.png,0
0_17836.txt,0_17836.png,0
1_429.txt,1_429.png,1
1_16049.txt,1_16049.png,1
0_17512.txt,0_17512.png,0
1_27646.txt,1_27646.png,1
0_5749.txt,0_5749.png,0
1_24894.txt,1_24894.png,1
0_2445.txt,0_2445.png,0
0_19788.txt,0_19788.png,0
1_3085.txt,1_3085.png,1
1_16887.txt,1_16887.png,1
0_5256.txt,0_5256.png,0
0_6777.txt,0_6777.png,0
0_82.txt,0_82.png,0
1_3918.txt,1_3918.png,1
0_10581.txt,0_10581.png,0
1_27210.txt,1_27210.png,1
1_26879.txt,1_26879.png,1
1_3519.txt,1_3519.png,1
0_14189.txt,0_14189.png,0
0_12753.txt,0_12753.png,0
1_1138.txt,1_1138.png,1
1_5010.txt,1_5010.png,1
1_17342.txt,1_17342.png,1
0_12041.txt,0_12041.png,0
0_20068.txt,0_20068.png,0
0_4776.txt,0_4776.png,0
1_14773.txt,1_14773.png,1
1_11024.txt,1_11024.png,1
1_23890.txt,1_23890.png,1
0_8534.txt,0_8534.png,0
0_1636.txt,0_1636.png,0
0_19317.txt,0_19317.png,0
1_3617.txt,1_3617.png,1
1_20705.txt,1_20705.png,1
1_7175.txt,1_7175.png,1
1_26286.txt,1_26286.png,1
1_11836.txt,1_11836.png,1
1_18586.txt,1_18586.png,1
0_17846.txt,0_17846.png,0
1_12622.txt,1_12622.png,1
1_8420.txt,1_8420.png,1
1_23802.txt,1_23802.png,1
1_17662.txt,1_17662.png,1
1_16135.txt,1_16135.png,1
1_10499.txt,1_10499.png,1
0_6643.txt,0_6643.png,0
0_15896.txt,0_15896.png,0
1_17708.txt,1_17708.png,1
0_8301.txt,0_8301.png,0
0_15655.txt,0_15655.png,0
1_21622.txt,1_21622.png,1
0_14032.txt,0_14032.png,0
0_13504.txt,0_13504.png,0
1_26051.txt,1_26051.png,1
0_14605.txt,0_14605.png,0
1_3154.txt,1_3154.png,1
0_12269.txt,0_12269.png,0
1_198.txt,1_198.png,1
1_1448.txt,1_1448.png,1
0_11060.txt,0_11060.png,0
1_3767.txt,1_3767.png,1
1_13451.txt,1_13451.png,1
0_18872.txt,0_18872.png,0
1_24572.txt,1_24572.png,1
1_381.txt,1_381.png,1
1_16721.txt,1_16721.png,1
1_27878.txt,1_27878.png,1
1_21081.txt,1_21081.png,1
1_28813.txt,1_28813.png,1
0_9295.txt,0_9295.png,0
0_4491.txt,0_4491.png,0
0_11335.txt,0_11335.png,0
1_17807.txt,1_17807.png,1
1_27395.txt,1_27395.png,1
0_15075.txt,0_15075.png,0
0_20272.txt,0_20272.png,0
0_12882.txt,0_12882.png,0
1_11933.txt,1_11933.png,1
0_2357.txt,0_2357.png,0
1_8869.txt,1_8869.png,1
1_27096.txt,1_27096.png,1
0_15848.txt,0_15848.png,0
1_27047.txt,1_27047.png,1
0_6266.txt,0_6266.png,0
1_3882.txt,1_3882.png,1
0_11425.txt,0_11425.png,0
1_27555.txt,1_27555.png,1
1_6658.txt,1_6658.png,1
1_3001.txt,1_3001.png,1
1_23080.txt,1_23080.png,1
0_17887.txt,0_17887.png,0
0_15644.txt,0_15644.png,0
1_26668.txt,1_26668.png,1
1_20788.txt,1_20788.png,1
1_22239.txt,1_22239.png,1
1_681.txt,1_681.png,1
1_3715.txt,1_3715.png,1
0_3028.txt,0_3028.png,0
0_8269.txt,0_8269.png,0
1_22949.txt,1_22949.png,1
1_17204.txt,1_17204.png,1
1_15985.txt,1_15985.png,1
1_9205.txt,1_9205.png,1
1_23250.txt,1_23250.png,1
1_28101.txt,1_28101.png,1
1_5572.txt,1_5572.png,1
0_9821.txt,0_9821.png,0
1_20413.txt,1_20413.png,1
1_9584.txt,1_9584.png,1
0_9199.txt,0_9199.png,0
0_15996.txt,0_15996.png,0
1_3541.txt,1_3541.png,1
0_7476.txt,0_7476.png,0
0_12320.txt,0_12320.png,0
0_7797.txt,0_7797.png,0
1_13791.txt,1_13791.png,1
0_2754.txt,0_2754.png,0
1_14488.txt,1_14488.png,1
1_585.txt,1_585.png,1
1_3396.txt,1_3396.png,1
1_6199.txt,1_6199.png,1
0_16882.txt,0_16882.png,0
0_8179.txt,0_8179.png,0
1_28655.txt,1_28655.png,1
1_6921.txt,1_6921.png,1
1_4816.txt,1_4816.png,1
1_19432.txt,1_19432.png,1
0_12095.txt,0_12095.png,0
1_4772.txt,1_4772.png,1
1_7624.txt,1_7624.png,1
1_7360.txt,1_7360.png,1
0_13924.txt,0_13924.png,0
1_17479.txt,1_17479.png,1
1_17395.txt,1_17395.png,1
1_2463.txt,1_2463.png,1
0_1452.txt,0_1452.png,0
1_17102.txt,1_17102.png,1
1_23314.txt,1_23314.png,1
1_3697.txt,1_3697.png,1
0_6507.txt,0_6507.png,0
1_17391.txt,1_17391.png,1
1_8904.txt,1_8904.png,1
1_17759.txt,1_17759.png,1
0_9363.txt,0_9363.png,0
0_20278.txt,0_20278.png,0
0_18751.txt,0_18751.png,0
0_10377.txt,0_10377.png,0
1_28498.txt,1_28498.png,1
0_4138.txt,0_4138.png,0
1_5048.txt,1_5048.png,1
1_14794.txt,1_14794.png,1
1_14273.txt,1_14273.png,1
0_10523.txt,0_10523.png,0
0_9714.txt,0_9714.png,0
0_20195.txt,0_20195.png,0
1_3698.txt,1_3698.png,1
1_9845.txt,1_9845.png,1
0_7952.txt,0_7952.png,0
0_8256.txt,0_8256.png,0
1_25606.txt,1_25606.png,1
1_20326.txt,1_20326.png,1
1_27054.txt,1_27054.png,1
0_17812.txt,0_17812.png,0
1_3940.txt,1_3940.png,1
0_2227.txt,0_2227.png,0
1_13505.txt,1_13505.png,1
0_906.txt,0_906.png,0
0_12443.txt,0_12443.png,0
0_16104.txt,0_16104.png,0
0_499.txt,0_499.png,0
1_3804.txt,1_3804.png,1
0_11159.txt,0_11159.png,0
0_19869.txt,0_19869.png,0
1_22691.txt,1_22691.png,1
0_1224.txt,0_1224.png,0
0_2027.txt,0_2027.png,0
0_1974.txt,0_1974.png,0
0_16684.txt,0_16684.png,0
1_27580.txt,1_27580.png,1
1_5836.txt,1_5836.png,1
0_17211.txt,0_17211.png,0
1_25514.txt,1_25514.png,1
0_9211.txt,0_9211.png,0
0_17006.txt,0_17006.png,0
1_17867.txt,1_17867.png,1
1_27481.txt,1_27481.png,1
0_19524.txt,0_19524.png,0
1_17455.txt,1_17455.png,1
1_27309.txt,1_27309.png,1
1_27193.txt,1_27193.png,1
1_27853.txt,1_27853.png,1
1_10406.txt,1_10406.png,1
0_19264.txt,0_19264.png,0
1_22772.txt,1_22772.png,1
0_14965.txt,0_14965.png,0
0_3846.txt,0_3846.png,0
0_5866.txt,0_5866.png,0
0_4578.txt,0_4578.png,0
1_1824.txt,1_1824.png,1
0_14003.txt,0_14003.png,0
1_10981.txt,1_10981.png,1
1_10172.txt,1_10172.png,1
1_3792.txt,1_3792.png,1
1_7560.txt,1_7560.png,1
1_10907.txt,1_10907.png,1
0_16473.txt,0_16473.png,0
0_3828.txt,0_3828.png,0
0_12711.txt,0_12711.png,0
1_9165.txt,1_9165.png,1
0_16794.txt,0_16794.png,0
1_14572.txt,1_14572.png,1
1_21055.txt,1_21055.png,1
1_24234.txt,1_24234.png,1
1_13459.txt,1_13459.png,1
0_14110.txt,0_14110.png,0
1_9744.txt,1_9744.png,1
0_17462.txt,0_17462.png,0
1_28573.txt,1_28573.png,1
0_16292.txt,0_16292.png,0
1_322.txt,1_322.png,1
0_9751.txt,0_9751.png,0
1_17612.txt,1_17612.png,1
1_5348.txt,1_5348.png,1
0_4722.txt,0_4722.png,0
0_16626.txt,0_16626.png,0
0_18945.txt,0_18945.png,0
1_10820.txt,1_10820.png,1
0_8095.txt,0_8095.png,0
0_10868.txt,0_10868.png,0
1_24985.txt,1_24985.png,1
1_13685.txt,1_13685.png,1
0_2637.txt,0_2637.png,0
0_15718.txt,0_15718.png,0
0_13686.txt,0_13686.png,0
0_9489.txt,0_9489.png,0
0_4616.txt,0_4616.png,0
1_17491.txt,1_17491.png,1
0_18357.txt,0_18357.png,0
1_12994.txt,1_12994.png,1
1_12551.txt,1_12551.png,1
1_8570.txt,1_8570.png,1
1_7822.txt,1_7822.png,1
0_14226.txt,0_14226.png,0
0_6304.txt,0_6304.png,0
0_12918.txt,0_12918.png,0
0_18245.txt,0_18245.png,0
1_482.txt,1_482.png,1
1_24053.txt,1_24053.png,1
1_24608.txt,1_24608.png,1
1_14068.txt,1_14068.png,1
0_14673.txt,0_14673.png,0
0_8865.txt,0_8865.png,0
1_17180.txt,1_17180.png,1
1_2874.txt,1_2874.png,1
0_15723.txt,0_15723.png,0
1_22126.txt,1_22126.png,1
1_28935.txt,1_28935.png,1
1_4669.txt,1_4669.png,1
1_11550.txt,1_11550.png,1
0_9212.txt,0_9212.png,0
0_16396.txt,0_16396.png,0
0_10345.txt,0_10345.png,0
0_8184.txt,0_8184.png,0
1_10586.txt,1_10586.png,1
1_373.txt,1_373.png,1
1_4362.txt,1_4362.png,1
0_17581.txt,0_17581.png,0
1_5610.txt,1_5610.png,1
0_3042.txt,0_3042.png,0
1_21666.txt,1_21666.png,1
0_3497.txt,0_3497.png,0
0_15629.txt,0_15629.png,0
1_17452.txt,1_17452.png,1
0_20072.txt,0_20072.png,0
1_3418.txt,1_3418.png,1
1_6890.txt,1_6890.png,1
1_16751.txt,1_16751.png,1
1_26678.txt,1_26678.png,1
1_23677.txt,1_23677.png,1
0_16496.txt,0_16496.png,0
1_16026.txt,1_16026.png,1
1_25374.txt,1_25374.png,1
1_24114.txt,1_24114.png,1
1_26306.txt,1_26306.png,1
1_18434.txt,1_18434.png,1
1_9661.txt,1_9661.png,1
0_1262.txt,0_1262.png,0
0_7206.txt,0_7206.png,0
1_28739.txt,1_28739.png,1
1_8777.txt,1_8777.png,1
1_62.txt,1_62.png,1
1_21178.txt,1_21178.png,1
0_7595.txt,0_7595.png,0
0_8591.txt,0_8591.png,0
1_19111.txt,1_19111.png,1
0_20092.txt,0_20092.png,0
1_6065.txt,1_6065.png,1
1_3156.txt,1_3156.png,1
1_23257.txt,1_23257.png,1
1_17775.txt,1_17775.png,1
1_2385.txt,1_2385.png,1
1_9987.txt,1_9987.png,1
1_12653.txt,1_12653.png,1
0_15683.txt,0_15683.png,0
0_9248.txt,0_9248.png,0
1_16164.txt,1_16164.png,1
1_20021.txt,1_20021.png,1
0_11863.txt,0_11863.png,0
1_8994.txt,1_8994.png,1
1_5169.txt,1_5169.png,1
1_28340.txt,1_28340.png,1
1_13426.txt,1_13426.png,1
1_6365.txt,1_6365.png,1
1_21824.txt,1_21824.png,1
0_18594.txt,0_18594.png,0
1_28978.txt,1_28978.png,1
0_12032.txt,0_12032.png,0
0_19891.txt,0_19891.png,0
1_6892.txt,1_6892.png,1
1_24250.txt,1_24250.png,1
1_19274.txt,1_19274.png,1
0_5005.txt,0_5005.png,0
1_25265.txt,1_25265.png,1
1_5525.txt,1_5525.png,1
1_18444.txt,1_18444.png,1
1_12589.txt,1_12589.png,1
1_22479.txt,1_22479.png,1
1_17053.txt,1_17053.png,1
0_11990.txt,0_11990.png,0
1_10536.txt,1_10536.png,1
1_7514.txt,1_7514.png,1
0_5199.txt,0_5199.png,0
0_17636.txt,0_17636.png,0
1_15725.txt,1_15725.png,1
0_5101.txt,0_5101.png,0
0_17715.txt,0_17715.png,0
1_428.txt,1_428.png,1
0_17464.txt,0_17464.png,0
0_1833.txt,0_1833.png,0
0_5155.txt,0_5155.png,0
1_11562.txt,1_11562.png,1
1_6946.txt,1_6946.png,1
1_4657.txt,1_4657.png,1
1_13867.txt,1_13867.png,1
0_4151.txt,0_4151.png,0
1_21616.txt,1_21616.png,1
1_8296.txt,1_8296.png,1
0_18387.txt,0_18387.png,0
0_3427.txt,0_3427.png,0
1_12528.txt,1_12528.png,1
1_12358.txt,1_12358.png,1
0_12360.txt,0_12360.png,0
0_14826.txt,0_14826.png,0
0_6758.txt,0_6758.png,0
1_27731.txt,1_27731.png,1
1_4817.txt,1_4817.png,1
0_12914.txt,0_12914.png,0
1_8383.txt,1_8383.png,1
0_7809.txt,0_7809.png,0
0_1676.txt,0_1676.png,0
0_15409.txt,0_15409.png,0
1_10064.txt,1_10064.png,1
0_7439.txt,0_7439.png,0
1_5803.txt,1_5803.png,1
1_21299.txt,1_21299.png,1
1_20904.txt,1_20904.png,1
0_14746.txt,0_14746.png,0
1_26757.txt,1_26757.png,1
0_5927.txt,0_5927.png,0
0_4508.txt,0_4508.png,0
1_4519.txt,1_4519.png,1
1_16379.txt,1_16379.png,1
1_5633.txt,1_5633.png,1
0_20771.txt,0_20771.png,0
1_2185.txt,1_2185.png,1
1_27561.txt,1_27561.png,1
1_21347.txt,1_21347.png,1
0_2681.txt,0_2681.png,0
0_9056.txt,0_9056.png,0
1_2494.txt,1_2494.png,1
0_18790.txt,0_18790.png,0
1_28652.txt,1_28652.png,1
1_28994.txt,1_28994.png,1
0_20233.txt,0_20233.png,0
0_8529.txt,0_8529.png,0
1_23658.txt,1_23658.png,1
1_19847.txt,1_19847.png,1
1_26721.txt,1_26721.png,1
1_4070.txt,1_4070.png,1
1_11868.txt,1_11868.png,1
1_11625.txt,1_11625.png,1
1_28321.txt,1_28321.png,1
0_522.txt,0_522.png,0
0_6365.txt,0_6365.png,0
0_9794.txt,0_9794.png,0
1_17248.txt,1_17248.png,1
1_18152.txt,1_18152.png,1
1_10822.txt,1_10822.png,1
0_17072.txt,0_17072.png,0
0_1796.txt,0_1796.png,0
1_4155.txt,1_4155.png,1
1_26834.txt,1_26834.png,1
1_3564.txt,1_3564.png,1
1_6013.txt,1_6013.png,1
0_5400.txt,0_5400.png,0
1_3604.txt,1_3604.png,1
1_21163.txt,1_21163.png,1
0_18268.txt,0_18268.png,0
0_8910.txt,0_8910.png,0
0_18410.txt,0_18410.png,0
1_25388.txt,1_25388.png,1
0_10469.txt,0_10469.png,0
1_20440.txt,1_20440.png,1
1_12230.txt,1_12230.png,1
1_3030.txt,1_3030.png,1
1_23819.txt,1_23819.png,1
1_10613.txt,1_10613.png,1
1_6354.txt,1_6354.png,1
1_28098.txt,1_28098.png,1
0_4007.txt,0_4007.png,0
0_9977.txt,0_9977.png,0
1_6433.txt,1_6433.png,1
1_22955.txt,1_22955.png,1
1_24334.txt,1_24334.png,1
1_20168.txt,1_20168.png,1
1_3263.txt,1_3263.png,1
1_12956.txt,1_12956.png,1
1_26276.txt,1_26276.png,1
0_3036.txt,0_3036.png,0
1_6262.txt,1_6262.png,1
1_5308.txt,1_5308.png,1
1_12708.txt,1_12708.png,1
0_15353.txt,0_15353.png,0
1_11402.txt,1_11402.png,1
0_2042.txt,0_2042.png,0
0_17175.txt,0_17175.png,0
1_13609.txt,1_13609.png,1
1_385.txt,1_385.png,1
0_19190.txt,0_19190.png,0
1_5739.txt,1_5739.png,1
1_11986.txt,1_11986.png,1
1_11993.txt,1_11993.png,1
1_13413.txt,1_13413.png,1
1_28458.txt,1_28458.png,1
0_14119.txt,0_14119.png,0
1_8293.txt,1_8293.png,1
1_5216.txt,1_5216.png,1
0_11059.txt,0_11059.png,0
1_20374.txt,1_20374.png,1
0_6286.txt,0_6286.png,0
0_18343.txt,0_18343.png,0
0_8304.txt,0_8304.png,0
0_3985.txt,0_3985.png,0
0_245.txt,0_245.png,0
0_3681.txt,0_3681.png,0
1_2095.txt,1_2095.png,1
0_15556.txt,0_15556.png,0
1_26046.txt,1_26046.png,1
0_15555.txt,0_15555.png,0
1_3751.txt,1_3751.png,1
1_4303.txt,1_4303.png,1
1_26330.txt,1_26330.png,1
0_17737.txt,0_17737.png,0
1_20027.txt,1_20027.png,1
0_9137.txt,0_9137.png,0
1_19347.txt,1_19347.png,1
0_13731.txt,0_13731.png,0
1_15165.txt,1_15165.png,1
0_11366.txt,0_11366.png,0
0_5165.txt,0_5165.png,0
1_15024.txt,1_15024.png,1
0_11714.txt,0_11714.png,0
0_1124.txt,0_1124.png,0
1_15594.txt,1_15594.png,1
0_11947.txt,0_11947.png,0
1_1281.txt,1_1281.png,1
0_10720.txt,0_10720.png,0
0_182.txt,0_182.png,0
1_11487.txt,1_11487.png,1
0_4840.txt,0_4840.png,0
0_19751.txt,0_19751.png,0
1_20486.txt,1_20486.png,1
0_4112.txt,0_4112.png,0
1_914.txt,1_914.png,1
0_9.txt,0_9.png,0
1_17961.txt,1_17961.png,1
1_5187.txt,1_5187.png,1
1_4168.txt,1_4168.png,1
0_8216.txt,0_8216.png,0
1_4064.txt,1_4064.png,1
0_4977.txt,0_4977.png,0
0_4424.txt,0_4424.png,0
0_20775.txt,0_20775.png,0
0_3676.txt,0_3676.png,0
1_3426.txt,1_3426.png,1
1_898.txt,1_898.png,1
0_9497.txt,0_9497.png,0
0_9452.txt,0_9452.png,0
0_10850.txt,0_10850.png,0
1_4859.txt,1_4859.png,1
1_18804.txt,1_18804.png,1
0_14028.txt,0_14028.png,0
1_971.txt,1_971.png,1
0_4632.txt,0_4632.png,0
0_14759.txt,0_14759.png,0
0_4063.txt,0_4063.png,0
1_22858.txt,1_22858.png,1
1_27486.txt,1_27486.png,1
1_16426.txt,1_16426.png,1
0_19430.txt,0_19430.png,0
1_3290.txt,1_3290.png,1
1_8161.txt,1_8161.png,1
1_2132.txt,1_2132.png,1
0_12932.txt,0_12932.png,0
1_22334.txt,1_22334.png,1
1_24775.txt,1_24775.png,1
1_2372.txt,1_2372.png,1
1_10490.txt,1_10490.png,1
0_2431.txt,0_2431.png,0
0_7116.txt,0_7116.png,0
1_24948.txt,1_24948.png,1
0_14427.txt,0_14427.png,0
0_5091.txt,0_5091.png,0
1_12365.txt,1_12365.png,1
1_9848.txt,1_9848.png,1
1_25203.txt,1_25203.png,1
1_21220.txt,1_21220.png,1
0_2766.txt,0_2766.png,0
1_11189.txt,1_11189.png,1
1_11607.txt,1_11607.png,1
1_1012.txt,1_1012.png,1
1_2247.txt,1_2247.png,1
0_4538.txt,0_4538.png,0
0_20940.txt,0_20940.png,0
0_5352.txt,0_5352.png,0
1_14686.txt,1_14686.png,1
1_24799.txt,1_24799.png,1
0_10113.txt,0_10113.png,0
1_18326.txt,1_18326.png,1
1_11535.txt,1_11535.png,1
1_25983.txt,1_25983.png,1
1_19704.txt,1_19704.png,1
0_15503.txt,0_15503.png,0
0_10361.txt,0_10361.png,0
0_7919.txt,0_7919.png,0
0_11405.txt,0_11405.png,0
1_6193.txt,1_6193.png,1
1_15108.txt,1_15108.png,1
1_231.txt,1_231.png,1
1_9186.txt,1_9186.png,1
1_4229.txt,1_4229.png,1
1_27682.txt,1_27682.png,1
1_23738.txt,1_23738.png,1
1_7538.txt,1_7538.png,1
0_6450.txt,0_6450.png,0
1_6585.txt,1_6585.png,1
1_24480.txt,1_24480.png,1
1_10276.txt,1_10276.png,1
1_23732.txt,1_23732.png,1
1_25021.txt,1_25021.png,1
1_2893.txt,1_2893.png,1
1_24452.txt,1_24452.png,1
1_16976.txt,1_16976.png,1
1_23433.txt,1_23433.png,1
1_2638.txt,1_2638.png,1
1_18379.txt,1_18379.png,1
0_17475.txt,0_17475.png,0
1_14528.txt,1_14528.png,1
1_23870.txt,1_23870.png,1
1_11875.txt,1_11875.png,1
1_25349.txt,1_25349.png,1
0_8181.txt,0_8181.png,0
0_14829.txt,0_14829.png,0
1_9523.txt,1_9523.png,1
0_19311.txt,0_19311.png,0
0_19435.txt,0_19435.png,0
1_9920.txt,1_9920.png,1
1_26621.txt,1_26621.png,1
0_15268.txt,0_15268.png,0
0_328.txt,0_328.png,0
0_7831.txt,0_7831.png,0
1_22351.txt,1_22351.png,1
1_4028.txt,1_4028.png,1
1_24375.txt,1_24375.png,1
1_27100.txt,1_27100.png,1
0_20476.txt,0_20476.png,0
1_2980.txt,1_2980.png,1
0_18382.txt,0_18382.png,0
1_14802.txt,1_14802.png,1
0_16233.txt,0_16233.png,0
1_7565.txt,1_7565.png,1
1_21712.txt,1_21712.png,1
1_5215.txt,1_5215.png,1
0_7338.txt,0_7338.png,0
0_10488.txt,0_10488.png,0
0_4851.txt,0_4851.png,0
0_3170.txt,0_3170.png,0
0_2084.txt,0_2084.png,0
1_9146.txt,1_9146.png,1
0_18797.txt,0_18797.png,0
1_3095.txt,1_3095.png,1
1_18619.txt,1_18619.png,1
0_12875.txt,0_12875.png,0
1_27136.txt,1_27136.png,1
1_28851.txt,1_28851.png,1
0_17994.txt,0_17994.png,0
1_25581.txt,1_25581.png,1
1_22477.txt,1_22477.png,1
0_9394.txt,0_9394.png,0
0_13630.txt,0_13630.png,0
1_26304.txt,1_26304.png,1
1_12959.txt,1_12959.png,1
1_26968.txt,1_26968.png,1
1_16293.txt,1_16293.png,1
1_9767.txt,1_9767.png,1
0_3821.txt,0_3821.png,0
1_24389.txt,1_24389.png,1
1_19012.txt,1_19012.png,1
0_19866.txt,0_19866.png,0
0_2449.txt,0_2449.png,0
1_25918.txt,1_25918.png,1
1_21115.txt,1_21115.png,1
1_20065.txt,1_20065.png,1
0_9239.txt,0_9239.png,0
1_14131.txt,1_14131.png,1
1_13039.txt,1_13039.png,1
0_13087.txt,0_13087.png,0
1_1876.txt,1_1876.png,1
1_7831.txt,1_7831.png,1
1_19908.txt,1_19908.png,1
1_625.txt,1_625.png,1
0_13941.txt,0_13941.png,0
1_11734.txt,1_11734.png,1
1_23228.txt,1_23228.png,1
1_17686.txt,1_17686.png,1
0_4234.txt,0_4234.png,0
1_7431.txt,1_7431.png,1
1_18663.txt,1_18663.png,1
1_14076.txt,1_14076.png,1
1_26702.txt,1_26702.png,1
1_4844.txt,1_4844.png,1
0_7742.txt,0_7742.png,0
1_3502.txt,1_3502.png,1
0_1043.txt,0_1043.png,0
1_14238.txt,1_14238.png,1
0_14530.txt,0_14530.png,0
0_15345.txt,0_15345.png,0
0_10064.txt,0_10064.png,0
1_21967.txt,1_21967.png,1
1_7289.txt,1_7289.png,1
1_8478.txt,1_8478.png,1
0_1571.txt,0_1571.png,0
1_26726.txt,1_26726.png,1
1_9403.txt,1_9403.png,1
0_2035.txt,0_2035.png,0
1_18266.txt,1_18266.png,1
0_16506.txt,0_16506.png,0
1_480.txt,1_480.png,1
0_7504.txt,0_7504.png,0
0_5661.txt,0_5661.png,0
0_13706.txt,0_13706.png,0
0_3315.txt,0_3315.png,0
0_9765.txt,0_9765.png,0
1_9758.txt,1_9758.png,1
1_26223.txt,1_26223.png,1
1_4759.txt,1_4759.png,1
1_19721.txt,1_19721.png,1
1_13655.txt,1_13655.png,1
1_13591.txt,1_13591.png,1
0_670.txt,0_670.png,0
1_6366.txt,1_6366.png,1
0_2617.txt,0_2617.png,0
1_27134.txt,1_27134.png,1
1_7365.txt,1_7365.png,1
1_273.txt,1_273.png,1
0_6627.txt,0_6627.png,0
0_17156.txt,0_17156.png,0
0_12466.txt,0_12466.png,0
0_11942.txt,0_11942.png,0
0_10797.txt,0_10797.png,0
1_19138.txt,1_19138.png,1
0_4429.txt,0_4429.png,0
0_10448.txt,0_10448.png,0
1_2174.txt,1_2174.png,1
0_13491.txt,0_13491.png,0
1_27748.txt,1_27748.png,1
0_13314.txt,0_13314.png,0
1_12830.txt,1_12830.png,1
0_9339.txt,0_9339.png,0
0_11824.txt,0_11824.png,0
1_7122.txt,1_7122.png,1
1_28542.txt,1_28542.png,1
1_758.txt,1_758.png,1
1_27336.txt,1_27336.png,1
0_9608.txt,0_9608.png,0
0_17002.txt,0_17002.png,0
1_25960.txt,1_25960.png,1
1_1818.txt,1_1818.png,1
0_2693.txt,0_2693.png,0
1_23730.txt,1_23730.png,1
1_24609.txt,1_24609.png,1
1_5733.txt,1_5733.png,1
1_17095.txt,1_17095.png,1
1_18536.txt,1_18536.png,1
1_8960.txt,1_8960.png,1
0_1864.txt,0_1864.png,0
1_27556.txt,1_27556.png,1
1_16027.txt,1_16027.png,1
1_19890.txt,1_19890.png,1
1_22332.txt,1_22332.png,1
1_27645.txt,1_27645.png,1
0_3172.txt,0_3172.png,0
0_8415.txt,0_8415.png,0
0_987.txt,0_987.png,0
1_18117.txt,1_18117.png,1
0_14614.txt,0_14614.png,0
0_13216.txt,0_13216.png,0
1_22712.txt,1_22712.png,1
1_7478.txt,1_7478.png,1
1_13670.txt,1_13670.png,1
1_11429.txt,1_11429.png,1
1_6232.txt,1_6232.png,1
1_9889.txt,1_9889.png,1
0_447.txt,0_447.png,0
0_19553.txt,0_19553.png,0
0_6312.txt,0_6312.png,0
1_18737.txt,1_18737.png,1
1_17782.txt,1_17782.png,1
0_2246.txt,0_2246.png,0
0_6736.txt,0_6736.png,0
1_7142.txt,1_7142.png,1
0_383.txt,0_383.png,0
1_26168.txt,1_26168.png,1
0_6755.txt,0_6755.png,0
1_7916.txt,1_7916.png,1
1_351.txt,1_351.png,1
1_20692.txt,1_20692.png,1
1_12547.txt,1_12547.png,1
1_3222.txt,1_3222.png,1
1_1576.txt,1_1576.png,1
0_13652.txt,0_13652.png,0
1_13270.txt,1_13270.png,1
1_20783.txt,1_20783.png,1
0_283.txt,0_283.png,0
0_5022.txt,0_5022.png,0
0_10099.txt,0_10099.png,0
0_15069.txt,0_15069.png,0
0_7098.txt,0_7098.png,0
1_4865.txt,1_4865.png,1
1_11466.txt,1_11466.png,1
1_23213.txt,1_23213.png,1
0_2426.txt,0_2426.png,0
1_20091.txt,1_20091.png,1
0_5355.txt,0_5355.png,0
0_13610.txt,0_13610.png,0
0_11948.txt,0_11948.png,0
0_14473.txt,0_14473.png,0
1_26996.txt,1_26996.png,1
1_23242.txt,1_23242.png,1
1_15168.txt,1_15168.png,1
0_15017.txt,0_15017.png,0
1_3863.txt,1_3863.png,1
0_11319.txt,0_11319.png,0
0_7785.txt,0_7785.png,0
1_19092.txt,1_19092.png,1
1_11062.txt,1_11062.png,1
0_15280.txt,0_15280.png,0
0_3585.txt,0_3585.png,0
0_16287.txt,0_16287.png,0
1_4252.txt,1_4252.png,1
1_25078.txt,1_25078.png,1
1_16914.txt,1_16914.png,1
0_15008.txt,0_15008.png,0
1_15889.txt,1_15889.png,1
1_21039.txt,1_21039.png,1
1_20178.txt,1_20178.png,1
0_410.txt,0_410.png,0
0_6216.txt,0_6216.png,0
0_19793.txt,0_19793.png,0
0_13828.txt,0_13828.png,0
0_7557.txt,0_7557.png,0
0_3467.txt,0_3467.png,0
1_8344.txt,1_8344.png,1
0_15986.txt,0_15986.png,0
1_25589.txt,1_25589.png,1
0_17927.txt,0_17927.png,0
0_17569.txt,0_17569.png,0
1_6268.txt,1_6268.png,1
1_18914.txt,1_18914.png,1
0_2607.txt,0_2607.png,0
0_7664.txt,0_7664.png,0
1_16063.txt,1_16063.png,1
1_24421.txt,1_24421.png,1
1_2902.txt,1_2902.png,1
1_24043.txt,1_24043.png,1
1_2434.txt,1_2434.png,1
1_27474.txt,1_27474.png,1
1_22508.txt,1_22508.png,1
1_1853.txt,1_1853.png,1
1_11771.txt,1_11771.png,1
1_8690.txt,1_8690.png,1
1_15431.txt,1_15431.png,1
0_12499.txt,0_12499.png,0
1_5715.txt,1_5715.png,1
1_4813.txt,1_4813.png,1
1_8745.txt,1_8745.png,1
1_558.txt,1_558.png,1
0_17720.txt,0_17720.png,0
1_10474.txt,1_10474.png,1
0_15776.txt,0_15776.png,0
0_19816.txt,0_19816.png,0
1_23848.txt,1_23848.png,1
1_9549.txt,1_9549.png,1
1_11401.txt,1_11401.png,1
1_7984.txt,1_7984.png,1
1_8247.txt,1_8247.png,1
0_20204.txt,0_20204.png,0
0_2413.txt,0_2413.png,0
1_10012.txt,1_10012.png,1
1_13478.txt,1_13478.png,1
0_9891.txt,0_9891.png,0
1_103.txt,1_103.png,1
0_10232.txt,0_10232.png,0
1_16780.txt,1_16780.png,1
0_15426.txt,0_15426.png,0
1_5235.txt,1_5235.png,1
1_3840.txt,1_3840.png,1
1_25249.txt,1_25249.png,1
0_9509.txt,0_9509.png,0
1_22633.txt,1_22633.png,1
1_1480.txt,1_1480.png,1
1_26813.txt,1_26813.png,1
1_19664.txt,1_19664.png,1
1_14977.txt,1_14977.png,1
1_24567.txt,1_24567.png,1
1_26260.txt,1_26260.png,1
1_27085.txt,1_27085.png,1
0_12547.txt,0_12547.png,0
1_18150.txt,1_18150.png,1
1_21420.txt,1_21420.png,1
0_19069.txt,0_19069.png,0
1_1866.txt,1_1866.png,1
1_25276.txt,1_25276.png,1
0_8446.txt,0_8446.png,0
1_21070.txt,1_21070.png,1
1_848.txt,1_848.png,1
0_9636.txt,0_9636.png,0
1_20701.txt,1_20701.png,1
1_13297.txt,1_13297.png,1
1_7646.txt,1_7646.png,1
1_25449.txt,1_25449.png,1
1_14828.txt,1_14828.png,1
1_702.txt,1_702.png,1
0_14129.txt,0_14129.png,0
0_7577.txt,0_7577.png,0
0_19797.txt,0_19797.png,0
0_19035.txt,0_19035.png,0
1_10074.txt,1_10074.png,1
1_24621.txt,1_24621.png,1
0_5958.txt,0_5958.png,0
1_28142.txt,1_28142.png,1
1_5370.txt,1_5370.png,1
0_14845.txt,0_14845.png,0
0_1427.txt,0_1427.png,0
1_28728.txt,1_28728.png,1
1_10413.txt,1_10413.png,1
0_20.txt,0_20.png,0
1_24069.txt,1_24069.png,1
1_776.txt,1_776.png,1
0_12235.txt,0_12235.png,0
1_11808.txt,1_11808.png,1
1_3885.txt,1_3885.png,1
1_21735.txt,1_21735.png,1
0_4849.txt,0_4849.png,0
1_4248.txt,1_4248.png,1
1_24841.txt,1_24841.png,1
1_28846.txt,1_28846.png,1
1_22138.txt,1_22138.png,1
0_19286.txt,0_19286.png,0
0_9757.txt,0_9757.png,0
0_19560.txt,0_19560.png,0
0_20632.txt,0_20632.png,0
1_2055.txt,1_2055.png,1
1_745.txt,1_745.png,1
1_13278.txt,1_13278.png,1
0_11152.txt,0_11152.png,0
1_5582.txt,1_5582.png,1
0_5046.txt,0_5046.png,0
1_2851.txt,1_2851.png,1
1_10210.txt,1_10210.png,1
1_16982.txt,1_16982.png,1
1_25442.txt,1_25442.png,1
1_24990.txt,1_24990.png,1
1_25278.txt,1_25278.png,1
0_3868.txt,0_3868.png,0
1_3036.txt,1_3036.png,1
1_23919.txt,1_23919.png,1
1_27421.txt,1_27421.png,1
1_27319.txt,1_27319.png,1
1_1682.txt,1_1682.png,1
1_27700.txt,1_27700.png,1
0_5707.txt,0_5707.png,0
0_17486.txt,0_17486.png,0
0_10706.txt,0_10706.png,0
0_20643.txt,0_20643.png,0
0_17815.txt,0_17815.png,0
1_5455.txt,1_5455.png,1
1_18972.txt,1_18972.png,1
1_6807.txt,1_6807.png,1
0_15084.txt,0_15084.png,0
0_12758.txt,0_12758.png,0
0_6753.txt,0_6753.png,0
0_17573.txt,0_17573.png,0
1_23041.txt,1_23041.png,1
1_11113.txt,1_11113.png,1
0_18902.txt,0_18902.png,0
1_13004.txt,1_13004.png,1
0_3778.txt,0_3778.png,0
0_15223.txt,0_15223.png,0
1_15006.txt,1_15006.png,1
0_15238.txt,0_15238.png,0
0_12091.txt,0_12091.png,0
0_6063.txt,0_6063.png,0
1_11911.txt,1_11911.png,1
1_1000.txt,1_1000.png,1
1_12895.txt,1_12895.png,1
1_21669.txt,1_21669.png,1
1_21241.txt,1_21241.png,1
0_3836.txt,0_3836.png,0
0_2164.txt,0_2164.png,0
0_4261.txt,0_4261.png,0
1_28958.txt,1_28958.png,1
0_19577.txt,0_19577.png,0
0_14493.txt,0_14493.png,0
1_22675.txt,1_22675.png,1
1_17002.txt,1_17002.png,1
1_26263.txt,1_26263.png,1
0_7498.txt,0_7498.png,0
0_13980.txt,0_13980.png,0
1_14029.txt,1_14029.png,1
0_9835.txt,0_9835.png,0
0_14228.txt,0_14228.png,0
0_1505.txt,0_1505.png,0
0_15647.txt,0_15647.png,0
1_15854.txt,1_15854.png,1
1_8675.txt,1_8675.png,1
0_6720.txt,0_6720.png,0
0_18420.txt,0_18420.png,0
0_12125.txt,0_12125.png,0
0_7075.txt,0_7075.png,0
0_9844.txt,0_9844.png,0
1_4524.txt,1_4524.png,1
1_3444.txt,1_3444.png,1
0_15133.txt,0_15133.png,0
1_8952.txt,1_8952.png,1
1_21940.txt,1_21940.png,1
1_7779.txt,1_7779.png,1
0_13724.txt,0_13724.png,0
0_20426.txt,0_20426.png,0
0_12353.txt,0_12353.png,0
0_5278.txt,0_5278.png,0
0_13665.txt,0_13665.png,0
0_1280.txt,0_1280.png,0
1_17672.txt,1_17672.png,1
1_4091.txt,1_4091.png,1
0_11265.txt,0_11265.png,0
1_10099.txt,1_10099.png,1
0_15256.txt,0_15256.png,0
1_14182.txt,1_14182.png,1
1_27800.txt,1_27800.png,1
0_3116.txt,0_3116.png,0
1_24697.txt,1_24697.png,1
1_20731.txt,1_20731.png,1
0_5424.txt,0_5424.png,0
1_3265.txt,1_3265.png,1
0_19218.txt,0_19218.png,0
0_5417.txt,0_5417.png,0
1_22430.txt,1_22430.png,1
0_11426.txt,0_11426.png,0
1_23787.txt,1_23787.png,1
1_24001.txt,1_24001.png,1
1_9105.txt,1_9105.png,1
0_20801.txt,0_20801.png,0
0_6235.txt,0_6235.png,0
1_26801.txt,1_26801.png,1
0_12408.txt,0_12408.png,0
1_10604.txt,1_10604.png,1
0_10619.txt,0_10619.png,0
1_18238.txt,1_18238.png,1
0_7832.txt,0_7832.png,0
1_8331.txt,1_8331.png,1
1_7708.txt,1_7708.png,1
1_6651.txt,1_6651.png,1
0_16850.txt,0_16850.png,0
0_4813.txt,0_4813.png,0
1_17299.txt,1_17299.png,1
1_460.txt,1_460.png,1
1_19753.txt,1_19753.png,1
1_28135.txt,1_28135.png,1
1_10821.txt,1_10821.png,1
1_19690.txt,1_19690.png,1
1_22427.txt,1_22427.png,1
1_19247.txt,1_19247.png,1
1_20798.txt,1_20798.png,1
1_4459.txt,1_4459.png,1
0_17814.txt,0_17814.png,0
1_8224.txt,1_8224.png,1
1_6687.txt,1_6687.png,1
0_4445.txt,0_4445.png,0
1_25149.txt,1_25149.png,1
1_28504.txt,1_28504.png,1
1_4775.txt,1_4775.png,1
1_2135.txt,1_2135.png,1
1_19966.txt,1_19966.png,1
1_1377.txt,1_1377.png,1
1_10202.txt,1_10202.png,1
0_6182.txt,0_6182.png,0
1_27175.txt,1_27175.png,1
1_18464.txt,1_18464.png,1
0_13814.txt,0_13814.png,0
1_6976.txt,1_6976.png,1
1_14875.txt,1_14875.png,1
0_3048.txt,0_3048.png,0
1_7844.txt,1_7844.png,1
0_13507.txt,0_13507.png,0
0_2972.txt,0_2972.png,0
1_22328.txt,1_22328.png,1
1_20861.txt,1_20861.png,1
1_4826.txt,1_4826.png,1
0_14078.txt,0_14078.png,0
0_20432.txt,0_20432.png,0
1_24551.txt,1_24551.png,1
1_26510.txt,1_26510.png,1
0_4917.txt,0_4917.png,0
0_9327.txt,0_9327.png,0
1_18903.txt,1_18903.png,1
1_11444.txt,1_11444.png,1
1_20468.txt,1_20468.png,1
1_23835.txt,1_23835.png,1
1_3700.txt,1_3700.png,1
1_216.txt,1_216.png,1
0_17026.txt,0_17026.png,0
1_21114.txt,1_21114.png,1
0_18271.txt,0_18271.png,0
1_7070.txt,1_7070.png,1
0_18141.txt,0_18141.png,0
1_18346.txt,1_18346.png,1
1_19666.txt,1_19666.png,1
0_19385.txt,0_19385.png,0
0_2404.txt,0_2404.png,0
0_6716.txt,0_6716.png,0
1_7306.txt,1_7306.png,1
1_15731.txt,1_15731.png,1
1_11521.txt,1_11521.png,1
0_3656.txt,0_3656.png,0
1_14858.txt,1_14858.png,1
1_24505.txt,1_24505.png,1
1_2328.txt,1_2328.png,1
1_23845.txt,1_23845.png,1
0_16359.txt,0_16359.png,0
1_10583.txt,1_10583.png,1
0_13775.txt,0_13775.png,0
0_2241.txt,0_2241.png,0
1_12892.txt,1_12892.png,1
1_17072.txt,1_17072.png,1
1_25962.txt,1_25962.png,1
1_4855.txt,1_4855.png,1
1_11838.txt,1_11838.png,1
0_312.txt,0_312.png,0
0_15567.txt,0_15567.png,0
0_19862.txt,0_19862.png,0
1_22411.txt,1_22411.png,1
1_17714.txt,1_17714.png,1
1_21349.txt,1_21349.png,1
0_16339.txt,0_16339.png,0
1_5265.txt,1_5265.png,1
1_7481.txt,1_7481.png,1
1_20174.txt,1_20174.png,1
1_6778.txt,1_6778.png,1
0_2368.txt,0_2368.png,0
1_2436.txt,1_2436.png,1
0_5968.txt,0_5968.png,0
0_20807.txt,0_20807.png,0
0_5890.txt,0_5890.png,0
1_25306.txt,1_25306.png,1
0_15483.txt,0_15483.png,0
1_22909.txt,1_22909.png,1
0_1925.txt,0_1925.png,0
1_27896.txt,1_27896.png,1
0_9944.txt,0_9944.png,0
1_11463.txt,1_11463.png,1
0_12121.txt,0_12121.png,0
1_21069.txt,1_21069.png,1
1_21847.txt,1_21847.png,1
1_26253.txt,1_26253.png,1
1_23883.txt,1_23883.png,1
1_6224.txt,1_6224.png,1
0_885.txt,0_885.png,0
1_14936.txt,1_14936.png,1
0_7228.txt,0_7228.png,0
0_5347.txt,0_5347.png,0
0_2967.txt,0_2967.png,0
0_3773.txt,0_3773.png,0
0_1552.txt,0_1552.png,0
0_19929.txt,0_19929.png,0
1_7237.txt,1_7237.png,1
0_3359.txt,0_3359.png,0
0_16423.txt,0_16423.png,0
1_890.txt,1_890.png,1
1_25200.txt,1_25200.png,1
0_5644.txt,0_5644.png,0
0_11472.txt,0_11472.png,0
1_16274.txt,1_16274.png,1
0_16890.txt,0_16890.png,0
0_10608.txt,0_10608.png,0
1_13683.txt,1_13683.png,1
0_11983.txt,0_11983.png,0
0_3615.txt,0_3615.png,0
0_4450.txt,0_4450.png,0
1_9025.txt,1_9025.png,1
0_3450.txt,0_3450.png,0
1_651.txt,1_651.png,1
0_6844.txt,0_6844.png,0
0_6731.txt,0_6731.png,0
0_9447.txt,0_9447.png,0
1_27538.txt,1_27538.png,1
1_18027.txt,1_18027.png,1
1_5035.txt,1_5035.png,1
0_18198.txt,0_18198.png,0
0_17148.txt,0_17148.png,0
1_8883.txt,1_8883.png,1
1_7905.txt,1_7905.png,1
0_4387.txt,0_4387.png,0
1_26545.txt,1_26545.png,1
1_19986.txt,1_19986.png,1
1_14710.txt,1_14710.png,1
1_2554.txt,1_2554.png,1
1_3714.txt,1_3714.png,1
0_7291.txt,0_7291.png,0
1_10393.txt,1_10393.png,1
1_15593.txt,1_15593.png,1
0_1343.txt,0_1343.png,0
1_12426.txt,1_12426.png,1
0_11358.txt,0_11358.png,0
0_4646.txt,0_4646.png,0
1_11262.txt,1_11262.png,1
1_15262.txt,1_15262.png,1
1_25403.txt,1_25403.png,1
0_7657.txt,0_7657.png,0
1_14552.txt,1_14552.png,1
1_7687.txt,1_7687.png,1
1_22777.txt,1_22777.png,1
1_7836.txt,1_7836.png,1
0_12460.txt,0_12460.png,0
0_15139.txt,0_15139.png,0
0_11828.txt,0_11828.png,0
0_7548.txt,0_7548.png,0
1_25153.txt,1_25153.png,1
0_2710.txt,0_2710.png,0
1_16711.txt,1_16711.png,1
0_20967.txt,0_20967.png,0
0_9539.txt,0_9539.png,0
1_27854.txt,1_27854.png,1
1_24092.txt,1_24092.png,1
1_7635.txt,1_7635.png,1
0_17699.txt,0_17699.png,0
1_9410.txt,1_9410.png,1
0_3103.txt,0_3103.png,0
0_15843.txt,0_15843.png,0
1_6576.txt,1_6576.png,1
0_5935.txt,0_5935.png,0
1_5086.txt,1_5086.png,1
1_4614.txt,1_4614.png,1
1_18104.txt,1_18104.png,1
0_11157.txt,0_11157.png,0
1_10755.txt,1_10755.png,1
1_9830.txt,1_9830.png,1
1_28964.txt,1_28964.png,1
1_4246.txt,1_4246.png,1
0_8052.txt,0_8052.png,0
0_7322.txt,0_7322.png,0
0_17885.txt,0_17885.png,0
1_7879.txt,1_7879.png,1
1_2514.txt,1_2514.png,1
0_4714.txt,0_4714.png,0
0_13957.txt,0_13957.png,0
1_28299.txt,1_28299.png,1
0_14103.txt,0_14103.png,0
1_12377.txt,1_12377.png,1
0_11938.txt,0_11938.png,0
0_7288.txt,0_7288.png,0
0_14498.txt,0_14498.png,0
0_3266.txt,0_3266.png,0
1_9026.txt,1_9026.png,1
1_16403.txt,1_16403.png,1
1_18137.txt,1_18137.png,1
0_13089.txt,0_13089.png,0
1_21752.txt,1_21752.png,1
0_10246.txt,0_10246.png,0
1_2515.txt,1_2515.png,1
1_2726.txt,1_2726.png,1
0_5564.txt,0_5564.png,0
1_7785.txt,1_7785.png,1
0_4706.txt,0_4706.png,0
1_19391.txt,1_19391.png,1
0_704.txt,0_704.png,0
0_11752.txt,0_11752.png,0
1_24891.txt,1_24891.png,1
0_19340.txt,0_19340.png,0
0_9232.txt,0_9232.png,0
1_16580.txt,1_16580.png,1
0_654.txt,0_654.png,0
1_7613.txt,1_7613.png,1
0_17957.txt,0_17957.png,0
1_13571.txt,1_13571.png,1
0_14485.txt,0_14485.png,0
1_22913.txt,1_22913.png,1
1_4980.txt,1_4980.png,1
1_26733.txt,1_26733.png,1
0_12795.txt,0_12795.png,0
1_24132.txt,1_24132.png,1
1_26907.txt,1_26907.png,1
1_26936.txt,1_26936.png,1
1_12814.txt,1_12814.png,1
1_2900.txt,1_2900.png,1
0_9472.txt,0_9472.png,0
0_18366.txt,0_18366.png,0
0_1120.txt,0_1120.png,0
0_3368.txt,0_3368.png,0
1_25116.txt,1_25116.png,1
0_9706.txt,0_9706.png,0
0_10061.txt,0_10061.png,0
1_936.txt,1_936.png,1
1_7379.txt,1_7379.png,1
0_6251.txt,0_6251.png,0
1_8466.txt,1_8466.png,1
1_25779.txt,1_25779.png,1
1_12313.txt,1_12313.png,1
1_8035.txt,1_8035.png,1
1_17009.txt,1_17009.png,1
1_14748.txt,1_14748.png,1
1_14598.txt,1_14598.png,1
1_18236.txt,1_18236.png,1
0_6239.txt,0_6239.png,0
1_6072.txt,1_6072.png,1
1_11987.txt,1_11987.png,1
0_5755.txt,0_5755.png,0
1_22667.txt,1_22667.png,1
1_1720.txt,1_1720.png,1
1_581.txt,1_581.png,1
1_21956.txt,1_21956.png,1
0_18843.txt,0_18843.png,0
1_10853.txt,1_10853.png,1
1_27363.txt,1_27363.png,1
0_14198.txt,0_14198.png,0
0_10672.txt,0_10672.png,0
0_13247.txt,0_13247.png,0
0_17727.txt,0_17727.png,0
0_16629.txt,0_16629.png,0
1_19973.txt,1_19973.png,1
1_22136.txt,1_22136.png,1
0_7505.txt,0_7505.png,0
1_4128.txt,1_4128.png,1
1_4894.txt,1_4894.png,1
0_772.txt,0_772.png,0
0_16370.txt,0_16370.png,0
0_895.txt,0_895.png,0
0_3470.txt,0_3470.png,0
0_14721.txt,0_14721.png,0
1_770.txt,1_770.png,1
1_9654.txt,1_9654.png,1
1_13058.txt,1_13058.png,1
1_16981.txt,1_16981.png,1
1_22035.txt,1_22035.png,1
0_13770.txt,0_13770.png,0
0_7731.txt,0_7731.png,0
1_6715.txt,1_6715.png,1
1_8238.txt,1_8238.png,1
1_23000.txt,1_23000.png,1
1_16864.txt,1_16864.png,1
0_14456.txt,0_14456.png,0
0_642.txt,0_642.png,0
0_13275.txt,0_13275.png,0
0_18555.txt,0_18555.png,0
1_297.txt,1_297.png,1
0_16933.txt,0_16933.png,0
1_5367.txt,1_5367.png,1
1_13061.txt,1_13061.png,1
1_18600.txt,1_18600.png,1
1_12287.txt,1_12287.png,1
1_21632.txt,1_21632.png,1
0_161.txt,0_161.png,0
1_23317.txt,1_23317.png,1
0_20119.txt,0_20119.png,0
0_13111.txt,0_13111.png,0
1_1278.txt,1_1278.png,1
0_2589.txt,0_2589.png,0
1_5754.txt,1_5754.png,1
0_5655.txt,0_5655.png,0
1_19857.txt,1_19857.png,1
0_1426.txt,0_1426.png,0
1_20305.txt,1_20305.png,1
1_21416.txt,1_21416.png,1
0_2437.txt,0_2437.png,0
1_5568.txt,1_5568.png,1
1_15639.txt,1_15639.png,1
1_23443.txt,1_23443.png,1
1_4273.txt,1_4273.png,1
0_571.txt,0_571.png,0
0_20916.txt,0_20916.png,0
1_3308.txt,1_3308.png,1
0_5616.txt,0_5616.png,0
1_28922.txt,1_28922.png,1
1_14299.txt,1_14299.png,1
1_23361.txt,1_23361.png,1
0_9601.txt,0_9601.png,0
0_10036.txt,0_10036.png,0
0_18312.txt,0_18312.png,0
0_7123.txt,0_7123.png,0
0_1214.txt,0_1214.png,0
1_3401.txt,1_3401.png,1
1_18486.txt,1_18486.png,1
0_18631.txt,0_18631.png,0
1_15157.txt,1_15157.png,1
0_9054.txt,0_9054.png,0
0_15242.txt,0_15242.png,0
0_10634.txt,0_10634.png,0
1_17530.txt,1_17530.png,1
0_7612.txt,0_7612.png,0
0_5526.txt,0_5526.png,0
1_16696.txt,1_16696.png,1
1_22590.txt,1_22590.png,1
1_3230.txt,1_3230.png,1
0_14303.txt,0_14303.png,0
1_14168.txt,1_14168.png,1
0_13050.txt,0_13050.png,0
0_17909.txt,0_17909.png,0
1_14982.txt,1_14982.png,1
0_13588.txt,0_13588.png,0
0_9829.txt,0_9829.png,0
1_26794.txt,1_26794.png,1
1_23629.txt,1_23629.png,1
0_15023.txt,0_15023.png,0
1_25529.txt,1_25529.png,1
1_6888.txt,1_6888.png,1
0_7069.txt,0_7069.png,0
1_20740.txt,1_20740.png,1
0_2925.txt,0_2925.png,0
1_7920.txt,1_7920.png,1
0_1509.txt,0_1509.png,0
1_1077.txt,1_1077.png,1
1_4144.txt,1_4144.png,1
1_25240.txt,1_25240.png,1
1_5528.txt,1_5528.png,1
1_26719.txt,1_26719.png,1
1_17652.txt,1_17652.png,1
1_4579.txt,1_4579.png,1
1_11035.txt,1_11035.png,1
1_3000.txt,1_3000.png,1
1_23278.txt,1_23278.png,1
1_23917.txt,1_23917.png,1
0_13049.txt,0_13049.png,0
0_4386.txt,0_4386.png,0
0_16164.txt,0_16164.png,0
0_14956.txt,0_14956.png,0
1_11436.txt,1_11436.png,1
0_17667.txt,0_17667.png,0
0_2419.txt,0_2419.png,0
0_9147.txt,0_9147.png,0
0_10029.txt,0_10029.png,0
1_27390.txt,1_27390.png,1
1_25086.txt,1_25086.png,1
0_15910.txt,0_15910.png,0
0_12922.txt,0_12922.png,0
0_10609.txt,0_10609.png,0
0_15719.txt,0_15719.png,0
0_10985.txt,0_10985.png,0
1_14146.txt,1_14146.png,1
1_19764.txt,1_19764.png,1
0_10856.txt,0_10856.png,0
1_16345.txt,1_16345.png,1
1_2417.txt,1_2417.png,1
1_9685.txt,1_9685.png,1
0_6834.txt,0_6834.png,0
0_13697.txt,0_13697.png,0
1_4120.txt,1_4120.png,1
0_10944.txt,0_10944.png,0
0_15321.txt,0_15321.png,0
1_23622.txt,1_23622.png,1
1_5823.txt,1_5823.png,1
0_3813.txt,0_3813.png,0
1_19730.txt,1_19730.png,1
1_27629.txt,1_27629.png,1
0_11018.txt,0_11018.png,0
1_2829.txt,1_2829.png,1
1_5685.txt,1_5685.png,1
1_5920.txt,1_5920.png,1
1_7893.txt,1_7893.png,1
1_20603.txt,1_20603.png,1
0_3290.txt,0_3290.png,0
1_24921.txt,1_24921.png,1
0_1059.txt,0_1059.png,0
0_2905.txt,0_2905.png,0
1_441.txt,1_441.png,1
1_24206.txt,1_24206.png,1
1_13312.txt,1_13312.png,1
1_20034.txt,1_20034.png,1
1_10810.txt,1_10810.png,1
1_25725.txt,1_25725.png,1
1_195.txt,1_195.png,1
1_2705.txt,1_2705.png,1
1_7456.txt,1_7456.png,1
1_8510.txt,1_8510.png,1
1_28245.txt,1_28245.png,1
1_24877.txt,1_24877.png,1
0_5200.txt,0_5200.png,0
1_18821.txt,1_18821.png,1
0_1670.txt,0_1670.png,0
1_27727.txt,1_27727.png,1
0_18232.txt,0_18232.png,0
1_28676.txt,1_28676.png,1
1_5395.txt,1_5395.png,1
0_15165.txt,0_15165.png,0
0_13047.txt,0_13047.png,0
1_8586.txt,1_8586.png,1
0_15386.txt,0_15386.png,0
1_1470.txt,1_1470.png,1
1_19110.txt,1_19110.png,1
0_12441.txt,0_12441.png,0
0_13777.txt,0_13777.png,0
1_6424.txt,1_6424.png,1
1_7544.txt,1_7544.png,1
1_13717.txt,1_13717.png,1
0_900.txt,0_900.png,0
1_7340.txt,1_7340.png,1
1_19858.txt,1_19858.png,1
1_9183.txt,1_9183.png,1
1_8442.txt,1_8442.png,1
1_12296.txt,1_12296.png,1
0_16905.txt,0_16905.png,0
0_16121.txt,0_16121.png,0
0_11064.txt,0_11064.png,0
0_7780.txt,0_7780.png,0
1_22051.txt,1_22051.png,1
0_2307.txt,0_2307.png,0
0_1523.txt,0_1523.png,0
1_25740.txt,1_25740.png,1
1_1157.txt,1_1157.png,1
1_18136.txt,1_18136.png,1
0_2349.txt,0_2349.png,0
1_9366.txt,1_9366.png,1
1_12058.txt,1_12058.png,1
0_11350.txt,0_11350.png,0
1_578.txt,1_578.png,1
0_6022.txt,0_6022.png,0
1_21659.txt,1_21659.png,1
0_19070.txt,0_19070.png,0
0_1018.txt,0_1018.png,0
1_3858.txt,1_3858.png,1
1_14104.txt,1_14104.png,1
1_6194.txt,1_6194.png,1
0_1840.txt,0_1840.png,0
0_1344.txt,0_1344.png,0
0_13972.txt,0_13972.png,0
1_22907.txt,1_22907.png,1
1_22020.txt,1_22020.png,1
1_14643.txt,1_14643.png,1
1_20919.txt,1_20919.png,1
1_10593.txt,1_10593.png,1
0_20631.txt,0_20631.png,0
0_20101.txt,0_20101.png,0
1_12212.txt,1_12212.png,1
1_21567.txt,1_21567.png,1
0_16149.txt,0_16149.png,0
1_12248.txt,1_12248.png,1
0_5028.txt,0_5028.png,0
1_7515.txt,1_7515.png,1
1_15381.txt,1_15381.png,1
0_3469.txt,0_3469.png,0
1_2740.txt,1_2740.png,1
0_19425.txt,0_19425.png,0
0_7667.txt,0_7667.png,0
0_5652.txt,0_5652.png,0
1_5195.txt,1_5195.png,1
1_28186.txt,1_28186.png,1
0_13133.txt,0_13133.png,0
1_4034.txt,1_4034.png,1
1_5227.txt,1_5227.png,1
0_9397.txt,0_9397.png,0
0_5887.txt,0_5887.png,0
1_14651.txt,1_14651.png,1
1_9951.txt,1_9951.png,1
1_6034.txt,1_6034.png,1
1_26237.txt,1_26237.png,1
0_16645.txt,0_16645.png,0
1_13832.txt,1_13832.png,1
0_9926.txt,0_9926.png,0
1_18166.txt,1_18166.png,1
1_10441.txt,1_10441.png,1
0_2429.txt,0_2429.png,0
1_28219.txt,1_28219.png,1
1_21980.txt,1_21980.png,1
1_17051.txt,1_17051.png,1
1_2081.txt,1_2081.png,1
0_5693.txt,0_5693.png,0
1_6400.txt,1_6400.png,1
0_1382.txt,0_1382.png,0
0_12712.txt,0_12712.png,0
1_19104.txt,1_19104.png,1
0_12163.txt,0_12163.png,0
0_639.txt,0_639.png,0
0_13195.txt,0_13195.png,0
1_9301.txt,1_9301.png,1
1_28845.txt,1_28845.png,1
0_9936.txt,0_9936.png,0
1_27911.txt,1_27911.png,1
1_523.txt,1_523.png,1
0_760.txt,0_760.png,0
1_10665.txt,1_10665.png,1
0_11397.txt,0_11397.png,0
0_19590.txt,0_19590.png,0
0_5084.txt,0_5084.png,0
1_12627.txt,1_12627.png,1
0_19545.txt,0_19545.png,0
0_20921.txt,0_20921.png,0
0_1809.txt,0_1809.png,0
0_4109.txt,0_4109.png,0
1_6994.txt,1_6994.png,1
1_5729.txt,1_5729.png,1
1_11032.txt,1_11032.png,1
0_1711.txt,0_1711.png,0
1_14261.txt,1_14261.png,1
1_9555.txt,1_9555.png,1
0_19946.txt,0_19946.png,0
1_24023.txt,1_24023.png,1
1_3068.txt,1_3068.png,1
0_2744.txt,0_2744.png,0
0_14559.txt,0_14559.png,0
1_22792.txt,1_22792.png,1
0_14606.txt,0_14606.png,0
1_9242.txt,1_9242.png,1
1_23680.txt,1_23680.png,1
0_15948.txt,0_15948.png,0
0_8311.txt,0_8311.png,0
0_8143.txt,0_8143.png,0
1_3759.txt,1_3759.png,1
0_20881.txt,0_20881.png,0
0_13738.txt,0_13738.png,0
0_5242.txt,0_5242.png,0
1_21160.txt,1_21160.png,1
1_22974.txt,1_22974.png,1
0_11974.txt,0_11974.png,0
1_8023.txt,1_8023.png,1
1_29021.txt,1_29021.png,1
0_90.txt,0_90.png,0
1_5711.txt,1_5711.png,1
0_15990.txt,0_15990.png,0
1_27697.txt,1_27697.png,1
1_18435.txt,1_18435.png,1
1_13289.txt,1_13289.png,1
0_9897.txt,0_9897.png,0
0_14008.txt,0_14008.png,0
0_10458.txt,0_10458.png,0
0_1618.txt,0_1618.png,0
0_4556.txt,0_4556.png,0
0_3748.txt,0_3748.png,0
1_20109.txt,1_20109.png,1
1_12680.txt,1_12680.png,1
1_1182.txt,1_1182.png,1
1_8528.txt,1_8528.png,1
0_18331.txt,0_18331.png,0
1_8200.txt,1_8200.png,1
0_19819.txt,0_19819.png,0
1_5966.txt,1_5966.png,1
1_10723.txt,1_10723.png,1
1_17117.txt,1_17117.png,1
0_7433.txt,0_7433.png,0
0_8189.txt,0_8189.png,0
0_10170.txt,0_10170.png,0
0_15048.txt,0_15048.png,0
0_5138.txt,0_5138.png,0
1_14554.txt,1_14554.png,1
1_9693.txt,1_9693.png,1
1_6230.txt,1_6230.png,1
1_21570.txt,1_21570.png,1
1_27976.txt,1_27976.png,1
1_3461.txt,1_3461.png,1
0_19777.txt,0_19777.png,0
0_15888.txt,0_15888.png,0
0_9592.txt,0_9592.png,0
1_9538.txt,1_9538.png,1
1_10530.txt,1_10530.png,1
1_2527.txt,1_2527.png,1
1_18121.txt,1_18121.png,1
1_1484.txt,1_1484.png,1
1_6848.txt,1_6848.png,1
1_3270.txt,1_3270.png,1
1_3610.txt,1_3610.png,1
0_8045.txt,0_8045.png,0
1_17724.txt,1_17724.png,1
1_23075.txt,1_23075.png,1
1_7499.txt,1_7499.png,1
0_19203.txt,0_19203.png,0
1_2464.txt,1_2464.png,1
1_22747.txt,1_22747.png,1
0_17716.txt,0_17716.png,0
1_11715.txt,1_11715.png,1
0_13174.txt,0_13174.png,0
1_28580.txt,1_28580.png,1
1_9413.txt,1_9413.png,1
1_28216.txt,1_28216.png,1
1_26600.txt,1_26600.png,1
0_8057.txt,0_8057.png,0
0_6476.txt,0_6476.png,0
0_5722.txt,0_5722.png,0
1_21746.txt,1_21746.png,1
1_18237.txt,1_18237.png,1
1_12200.txt,1_12200.png,1
0_8873.txt,0_8873.png,0
0_13978.txt,0_13978.png,0
0_6644.txt,0_6644.png,0
1_12103.txt,1_12103.png,1
1_4377.txt,1_4377.png,1
1_21187.txt,1_21187.png,1
0_8791.txt,0_8791.png,0
1_13342.txt,1_13342.png,1
1_5936.txt,1_5936.png,1
1_7686.txt,1_7686.png,1
1_23215.txt,1_23215.png,1
0_1973.txt,0_1973.png,0
1_27815.txt,1_27815.png,1
0_12334.txt,0_12334.png,0
1_20248.txt,1_20248.png,1
1_10936.txt,1_10936.png,1
0_9947.txt,0_9947.png,0
1_8929.txt,1_8929.png,1
1_10758.txt,1_10758.png,1
1_21597.txt,1_21597.png,1
0_4962.txt,0_4962.png,0
0_20843.txt,0_20843.png,0
0_16077.txt,0_16077.png,0
1_17201.txt,1_17201.png,1
1_19972.txt,1_19972.png,1
1_18537.txt,1_18537.png,1
1_13713.txt,1_13713.png,1
0_3545.txt,0_3545.png,0
1_640.txt,1_640.png,1
1_9887.txt,1_9887.png,1
1_11757.txt,1_11757.png,1
1_7270.txt,1_7270.png,1
0_15162.txt,0_15162.png,0
1_2875.txt,1_2875.png,1
0_1331.txt,0_1331.png,0
0_15485.txt,0_15485.png,0
1_18054.txt,1_18054.png,1
1_17473.txt,1_17473.png,1
0_20965.txt,0_20965.png,0
1_20573.txt,1_20573.png,1
1_15566.txt,1_15566.png,1
0_12157.txt,0_12157.png,0
0_2998.txt,0_2998.png,0
0_6938.txt,0_6938.png,0
1_1508.txt,1_1508.png,1
0_15660.txt,0_15660.png,0
1_18176.txt,1_18176.png,1
0_19572.txt,0_19572.png,0
1_16054.txt,1_16054.png,1
1_10708.txt,1_10708.png,1
0_7668.txt,0_7668.png,0
0_20161.txt,0_20161.png,0
0_11889.txt,0_11889.png,0
1_18592.txt,1_18592.png,1
1_5748.txt,1_5748.png,1
1_10512.txt,1_10512.png,1
1_736.txt,1_736.png,1
1_3607.txt,1_3607.png,1
0_4021.txt,0_4021.png,0
1_7964.txt,1_7964.png,1
1_17396.txt,1_17396.png,1
1_26182.txt,1_26182.png,1
0_14702.txt,0_14702.png,0
0_14302.txt,0_14302.png,0
0_17490.txt,0_17490.png,0
1_13084.txt,1_13084.png,1
0_8270.txt,0_8270.png,0
1_2624.txt,1_2624.png,1
0_19958.txt,0_19958.png,0
1_21418.txt,1_21418.png,1
1_12573.txt,1_12573.png,1
0_9060.txt,0_9060.png,0
1_19590.txt,1_19590.png,1
1_28654.txt,1_28654.png,1
1_17237.txt,1_17237.png,1
0_15878.txt,0_15878.png,0
1_26682.txt,1_26682.png,1
1_19103.txt,1_19103.png,1
1_21480.txt,1_21480.png,1
1_13653.txt,1_13653.png,1
0_19141.txt,0_19141.png,0
1_14577.txt,1_14577.png,1
1_24957.txt,1_24957.png,1
1_11823.txt,1_11823.png,1
1_27805.txt,1_27805.png,1
0_10368.txt,0_10368.png,0
0_3010.txt,0_3010.png,0
1_28765.txt,1_28765.png,1
1_2211.txt,1_2211.png,1
0_12737.txt,0_12737.png,0
0_11170.txt,0_11170.png,0
1_28002.txt,1_28002.png,1
1_9401.txt,1_9401.png,1
1_14700.txt,1_14700.png,1
1_11948.txt,1_11948.png,1
1_26896.txt,1_26896.png,1
1_15614.txt,1_15614.png,1
0_11019.txt,0_11019.png,0
1_3288.txt,1_3288.png,1
0_7230.txt,0_7230.png,0
1_25713.txt,1_25713.png,1
1_5222.txt,1_5222.png,1
0_19902.txt,0_19902.png,0
0_8768.txt,0_8768.png,0
1_20646.txt,1_20646.png,1
0_3738.txt,0_3738.png,0
1_8318.txt,1_8318.png,1
0_4913.txt,0_4913.png,0
1_407.txt,1_407.png,1
0_8569.txt,0_8569.png,0
0_3845.txt,0_3845.png,0
1_23588.txt,1_23588.png,1
1_12065.txt,1_12065.png,1
1_6067.txt,1_6067.png,1
1_11494.txt,1_11494.png,1
0_14187.txt,0_14187.png,0
1_2915.txt,1_2915.png,1
0_5443.txt,0_5443.png,0
0_1728.txt,0_1728.png,0
0_17694.txt,0_17694.png,0
1_5253.txt,1_5253.png,1
1_20999.txt,1_20999.png,1
1_343.txt,1_343.png,1
1_16629.txt,1_16629.png,1
1_22384.txt,1_22384.png,1
0_20164.txt,0_20164.png,0
0_2506.txt,0_2506.png,0
0_12138.txt,0_12138.png,0
1_24701.txt,1_24701.png,1
0_16007.txt,0_16007.png,0
1_18590.txt,1_18590.png,1
0_8904.txt,0_8904.png,0
1_19827.txt,1_19827.png,1
0_13424.txt,0_13424.png,0
1_9011.txt,1_9011.png,1
0_18067.txt,0_18067.png,0
1_5159.txt,1_5159.png,1
1_22810.txt,1_22810.png,1
1_10539.txt,1_10539.png,1
0_19031.txt,0_19031.png,0
0_2186.txt,0_2186.png,0
0_15291.txt,0_15291.png,0
1_26581.txt,1_26581.png,1
1_16171.txt,1_16171.png,1
1_1048.txt,1_1048.png,1
0_13420.txt,0_13420.png,0
0_1621.txt,0_1621.png,0
1_19353.txt,1_19353.png,1
0_19082.txt,0_19082.png,0
0_3735.txt,0_3735.png,0
1_5466.txt,1_5466.png,1
1_11224.txt,1_11224.png,1
1_7895.txt,1_7895.png,1
1_8755.txt,1_8755.png,1
0_7312.txt,0_7312.png,0
1_5343.txt,1_5343.png,1
0_682.txt,0_682.png,0
0_1389.txt,0_1389.png,0
1_11742.txt,1_11742.png,1
0_9461.txt,0_9461.png,0
0_8012.txt,0_8012.png,0
1_10949.txt,1_10949.png,1
1_14505.txt,1_14505.png,1
1_28147.txt,1_28147.png,1
0_11643.txt,0_11643.png,0
1_23214.txt,1_23214.png,1
0_12196.txt,0_12196.png,0
1_862.txt,1_862.png,1
1_15673.txt,1_15673.png,1
0_4447.txt,0_4447.png,0
0_20172.txt,0_20172.png,0
1_5553.txt,1_5553.png,1
1_21212.txt,1_21212.png,1
0_11675.txt,0_11675.png,0
1_27317.txt,1_27317.png,1
1_19313.txt,1_19313.png,1
1_7530.txt,1_7530.png,1
1_3161.txt,1_3161.png,1
1_8648.txt,1_8648.png,1
0_6689.txt,0_6689.png,0
1_4740.txt,1_4740.png,1
1_1131.txt,1_1131.png,1
1_9055.txt,1_9055.png,1
0_17543.txt,0_17543.png,0
0_14865.txt,0_14865.png,0
0_7732.txt,0_7732.png,0
1_8178.txt,1_8178.png,1
1_5266.txt,1_5266.png,1
1_8193.txt,1_8193.png,1
1_25620.txt,1_25620.png,1
1_24909.txt,1_24909.png,1
0_14134.txt,0_14134.png,0
1_27565.txt,1_27565.png,1
0_16023.txt,0_16023.png,0
1_28532.txt,1_28532.png,1
0_7321.txt,0_7321.png,0
1_26991.txt,1_26991.png,1
1_11972.txt,1_11972.png,1
1_15480.txt,1_15480.png,1
0_10272.txt,0_10272.png,0
1_12980.txt,1_12980.png,1
1_26496.txt,1_26496.png,1
1_11306.txt,1_11306.png,1
0_9204.txt,0_9204.png,0
0_16597.txt,0_16597.png,0
0_17691.txt,0_17691.png,0
1_25867.txt,1_25867.png,1
1_6915.txt,1_6915.png,1
1_2742.txt,1_2742.png,1
1_3049.txt,1_3049.png,1
1_49.txt,1_49.png,1
0_13403.txt,0_13403.png,0
0_11523.txt,0_11523.png,0
0_15921.txt,0_15921.png,0
0_15004.txt,0_15004.png,0
0_3935.txt,0_3935.png,0
0_2409.txt,0_2409.png,0
1_12469.txt,1_12469.png,1
1_24612.txt,1_24612.png,1
1_21245.txt,1_21245.png,1
0_10382.txt,0_10382.png,0
0_11225.txt,0_11225.png,0
1_19068.txt,1_19068.png,1
0_13474.txt,0_13474.png,0
1_16845.txt,1_16845.png,1
1_15483.txt,1_15483.png,1
0_10994.txt,0_10994.png,0
1_173.txt,1_173.png,1
0_16886.txt,0_16886.png,0
1_6623.txt,1_6623.png,1
1_20821.txt,1_20821.png,1
1_23494.txt,1_23494.png,1
0_16474.txt,0_16474.png,0
0_7935.txt,0_7935.png,0
1_419.txt,1_419.png,1
1_18532.txt,1_18532.png,1
0_3612.txt,0_3612.png,0
1_20120.txt,1_20120.png,1
1_19015.txt,1_19015.png,1
1_8404.txt,1_8404.png,1
0_5878.txt,0_5878.png,0
1_26350.txt,1_26350.png,1
1_5865.txt,1_5865.png,1
0_12503.txt,0_12503.png,0
0_1521.txt,0_1521.png,0
1_27231.txt,1_27231.png,1
1_24711.txt,1_24711.png,1
0_4857.txt,0_4857.png,0
1_9313.txt,1_9313.png,1
1_28437.txt,1_28437.png,1
1_3243.txt,1_3243.png,1
1_800.txt,1_800.png,1
1_13242.txt,1_13242.png,1
1_19821.txt,1_19821.png,1
0_16457.txt,0_16457.png,0
0_17441.txt,0_17441.png,0
1_13370.txt,1_13370.png,1
1_20822.txt,1_20822.png,1
1_9118.txt,1_9118.png,1
0_18627.txt,0_18627.png,0
0_18758.txt,0_18758.png,0
0_12557.txt,0_12557.png,0
0_7003.txt,0_7003.png,0
0_17157.txt,0_17157.png,0
0_16332.txt,0_16332.png,0
0_2488.txt,0_2488.png,0
1_8658.txt,1_8658.png,1
1_10421.txt,1_10421.png,1
0_223.txt,0_223.png,0
1_3663.txt,1_3663.png,1
1_14658.txt,1_14658.png,1
0_14931.txt,0_14931.png,0
0_10823.txt,0_10823.png,0
0_641.txt,0_641.png,0
1_3707.txt,1_3707.png,1
1_17874.txt,1_17874.png,1
0_8740.txt,0_8740.png,0
1_4788.txt,1_4788.png,1
1_10050.txt,1_10050.png,1
1_71.txt,1_71.png,1
1_4280.txt,1_4280.png,1
1_3555.txt,1_3555.png,1
0_15847.txt,0_15847.png,0
1_20240.txt,1_20240.png,1
0_17866.txt,0_17866.png,0
1_10951.txt,1_10951.png,1
0_8699.txt,0_8699.png,0
0_15874.txt,0_15874.png,0
0_12027.txt,0_12027.png,0
0_18952.txt,0_18952.png,0
0_9834.txt,0_9834.png,0
1_22503.txt,1_22503.png,1
1_12899.txt,1_12899.png,1
1_21641.txt,1_21641.png,1
1_11037.txt,1_11037.png,1
1_24650.txt,1_24650.png,1
0_7496.txt,0_7496.png,0
1_26774.txt,1_26774.png,1
1_15814.txt,1_15814.png,1
1_6850.txt,1_6850.png,1
0_1033.txt,0_1033.png,0
1_19119.txt,1_19119.png,1
0_16937.txt,0_16937.png,0
1_22862.txt,1_22862.png,1
1_24508.txt,1_24508.png,1
0_17850.txt,0_17850.png,0
0_20705.txt,0_20705.png,0
0_16227.txt,0_16227.png,0
1_15190.txt,1_15190.png,1
1_13206.txt,1_13206.png,1
1_18718.txt,1_18718.png,1
0_617.txt,0_617.png,0
1_2799.txt,1_2799.png,1
0_6097.txt,0_6097.png,0
0_16687.txt,0_16687.png,0
1_8370.txt,1_8370.png,1
1_5228.txt,1_5228.png,1
1_9725.txt,1_9725.png,1
1_12447.txt,1_12447.png,1
1_21186.txt,1_21186.png,1
0_15805.txt,0_15805.png,0
0_5507.txt,0_5507.png,0
0_3080.txt,0_3080.png,0
1_3788.txt,1_3788.png,1
1_5931.txt,1_5931.png,1
0_10682.txt,0_10682.png,0
0_11178.txt,0_11178.png,0
0_1015.txt,0_1015.png,0
0_1562.txt,0_1562.png,0
1_16270.txt,1_16270.png,1
0_19293.txt,0_19293.png,0
0_12088.txt,0_12088.png,0
1_19718.txt,1_19718.png,1
0_850.txt,0_850.png,0
1_1668.txt,1_1668.png,1
1_23623.txt,1_23623.png,1
1_15961.txt,1_15961.png,1
0_20684.txt,0_20684.png,0
0_13963.txt,0_13963.png,0
0_12682.txt,0_12682.png,0
0_184.txt,0_184.png,0
1_7524.txt,1_7524.png,1
1_9519.txt,1_9519.png,1
1_8451.txt,1_8451.png,1
1_26389.txt,1_26389.png,1
0_6033.txt,0_6033.png,0
1_11457.txt,1_11457.png,1
0_18307.txt,0_18307.png,0
0_1205.txt,0_1205.png,0
1_6113.txt,1_6113.png,1
0_11513.txt,0_11513.png,0
1_11827.txt,1_11827.png,1
1_8677.txt,1_8677.png,1
1_3486.txt,1_3486.png,1
1_19761.txt,1_19761.png,1
1_15246.txt,1_15246.png,1
1_20737.txt,1_20737.png,1
1_354.txt,1_354.png,1
0_5048.txt,0_5048.png,0
0_6236.txt,0_6236.png,0
1_28051.txt,1_28051.png,1
0_17743.txt,0_17743.png,0
0_17646.txt,0_17646.png,0
0_4476.txt,0_4476.png,0
0_13759.txt,0_13759.png,0
1_17621.txt,1_17621.png,1
1_11076.txt,1_11076.png,1
1_22526.txt,1_22526.png,1
0_4636.txt,0_4636.png,0
1_23503.txt,1_23503.png,1
0_5965.txt,0_5965.png,0
1_9312.txt,1_9312.png,1
1_20859.txt,1_20859.png,1
0_19303.txt,0_19303.png,0
1_16039.txt,1_16039.png,1
1_13192.txt,1_13192.png,1
0_3443.txt,0_3443.png,0
1_2652.txt,1_2652.png,1
0_7782.txt,0_7782.png,0
0_15204.txt,0_15204.png,0
1_4962.txt,1_4962.png,1
0_20039.txt,0_20039.png,0
0_5136.txt,0_5136.png,0
1_23676.txt,1_23676.png,1
0_15166.txt,0_15166.png,0
1_14090.txt,1_14090.png,1
1_24115.txt,1_24115.png,1
1_21328.txt,1_21328.png,1
1_26560.txt,1_26560.png,1
1_22215.txt,1_22215.png,1
0_10011.txt,0_10011.png,0
1_14169.txt,1_14169.png,1
0_18947.txt,0_18947.png,0
1_24454.txt,1_24454.png,1
0_15081.txt,0_15081.png,0
1_8393.txt,1_8393.png,1
1_7638.txt,1_7638.png,1
1_16510.txt,1_16510.png,1
0_20595.txt,0_20595.png,0
0_8305.txt,0_8305.png,0
1_8257.txt,1_8257.png,1
1_21406.txt,1_21406.png,1
0_2268.txt,0_2268.png,0
0_1032.txt,0_1032.png,0
1_19762.txt,1_19762.png,1
0_618.txt,0_618.png,0
1_22685.txt,1_22685.png,1
0_3472.txt,0_3472.png,0
0_19456.txt,0_19456.png,0
1_21047.txt,1_21047.png,1
1_2000.txt,1_2000.png,1
1_18248.txt,1_18248.png,1
1_20986.txt,1_20986.png,1
1_23818.txt,1_23818.png,1
1_13247.txt,1_13247.png,1
1_17555.txt,1_17555.png,1
1_12435.txt,1_12435.png,1
1_25267.txt,1_25267.png,1
1_6752.txt,1_6752.png,1
0_19610.txt,0_19610.png,0
0_518.txt,0_518.png,0
1_14539.txt,1_14539.png,1
0_15537.txt,0_15537.png,0
1_12229.txt,1_12229.png,1
1_26371.txt,1_26371.png,1
0_17965.txt,0_17965.png,0
1_9856.txt,1_9856.png,1
0_13778.txt,0_13778.png,0
1_23512.txt,1_23512.png,1
0_10120.txt,0_10120.png,0
1_19217.txt,1_19217.png,1
0_145.txt,0_145.png,0
0_2044.txt,0_2044.png,0
1_5564.txt,1_5564.png,1
1_15253.txt,1_15253.png,1
1_23626.txt,1_23626.png,1
0_14718.txt,0_14718.png,0
0_16705.txt,0_16705.png,0
0_8021.txt,0_8021.png,0
1_9324.txt,1_9324.png,1
0_16307.txt,0_16307.png,0
0_17381.txt,0_17381.png,0
1_25400.txt,1_25400.png,1
0_8079.txt,0_8079.png,0
1_5676.txt,1_5676.png,1
1_22049.txt,1_22049.png,1
1_5114.txt,1_5114.png,1
0_5366.txt,0_5366.png,0
1_11209.txt,1_11209.png,1
0_17941.txt,0_17941.png,0
1_26495.txt,1_26495.png,1
1_28265.txt,1_28265.png,1
0_11804.txt,0_11804.png,0
0_9101.txt,0_9101.png,0
1_4831.txt,1_4831.png,1
0_2920.txt,0_2920.png,0
0_1726.txt,0_1726.png,0
0_14349.txt,0_14349.png,0
1_11863.txt,1_11863.png,1
1_16657.txt,1_16657.png,1
1_16051.txt,1_16051.png,1
0_16177.txt,0_16177.png,0
0_13889.txt,0_13889.png,0
1_1487.txt,1_1487.png,1
1_11026.txt,1_11026.png,1
1_15294.txt,1_15294.png,1
0_5972.txt,0_5972.png,0
1_7918.txt,1_7918.png,1
1_4336.txt,1_4336.png,1
1_17628.txt,1_17628.png,1
1_10098.txt,1_10098.png,1
1_22566.txt,1_22566.png,1
0_17838.txt,0_17838.png,0
0_19392.txt,0_19392.png,0
1_10814.txt,1_10814.png,1
1_21289.txt,1_21289.png,1
0_17392.txt,0_17392.png,0
1_18102.txt,1_18102.png,1
1_6736.txt,1_6736.png,1
0_20368.txt,0_20368.png,0
1_13744.txt,1_13744.png,1
0_16954.txt,0_16954.png,0
1_20458.txt,1_20458.png,1
1_1703.txt,1_1703.png,1
0_12223.txt,0_12223.png,0
0_7308.txt,0_7308.png,0
1_3994.txt,1_3994.png,1
1_6201.txt,1_6201.png,1
1_9433.txt,1_9433.png,1
0_8842.txt,0_8842.png,0
1_3912.txt,1_3912.png,1
1_21772.txt,1_21772.png,1
1_17510.txt,1_17510.png,1
0_2166.txt,0_2166.png,0
1_930.txt,1_930.png,1
1_14563.txt,1_14563.png,1
1_13933.txt,1_13933.png,1
1_27014.txt,1_27014.png,1
1_12496.txt,1_12496.png,1
1_28606.txt,1_28606.png,1
1_861.txt,1_861.png,1
1_23344.txt,1_23344.png,1
0_11806.txt,0_11806.png,0
1_6965.txt,1_6965.png,1
1_1594.txt,1_1594.png,1
1_22818.txt,1_22818.png,1
1_7128.txt,1_7128.png,1
1_24875.txt,1_24875.png,1
1_19922.txt,1_19922.png,1
0_12422.txt,0_12422.png,0
0_13460.txt,0_13460.png,0
1_24971.txt,1_24971.png,1
1_6188.txt,1_6188.png,1
1_11438.txt,1_11438.png,1
0_17295.txt,0_17295.png,0
1_10146.txt,1_10146.png,1
1_7598.txt,1_7598.png,1
1_18872.txt,1_18872.png,1
0_1938.txt,0_1938.png,0
0_1293.txt,0_1293.png,0
1_14163.txt,1_14163.png,1
1_15394.txt,1_15394.png,1
0_16936.txt,0_16936.png,0
0_20212.txt,0_20212.png,0
1_24828.txt,1_24828.png,1
0_5910.txt,0_5910.png,0
0_11021.txt,0_11021.png,0
0_9720.txt,0_9720.png,0
1_10901.txt,1_10901.png,1
0_3653.txt,0_3653.png,0
1_14682.txt,1_14682.png,1
1_19421.txt,1_19421.png,1
1_6381.txt,1_6381.png,1
1_8557.txt,1_8557.png,1
0_9903.txt,0_9903.png,0
1_28898.txt,1_28898.png,1
1_225.txt,1_225.png,1
1_17419.txt,1_17419.png,1
1_9430.txt,1_9430.png,1
1_24896.txt,1_24896.png,1
1_21235.txt,1_21235.png,1
1_19424.txt,1_19424.png,1
0_46.txt,0_46.png,0
1_10656.txt,1_10656.png,1
1_2761.txt,1_2761.png,1
1_28537.txt,1_28537.png,1
1_20139.txt,1_20139.png,1
0_17037.txt,0_17037.png,0
1_4538.txt,1_4538.png,1
1_15699.txt,1_15699.png,1
1_17016.txt,1_17016.png,1
0_10210.txt,0_10210.png,0
1_7205.txt,1_7205.png,1
1_24208.txt,1_24208.png,1
0_10846.txt,0_10846.png,0
1_6802.txt,1_6802.png,1
1_18959.txt,1_18959.png,1
0_1642.txt,0_1642.png,0
0_5687.txt,0_5687.png,0
0_17579.txt,0_17579.png,0
1_12263.txt,1_12263.png,1
0_15570.txt,0_15570.png,0
0_12278.txt,0_12278.png,0
0_507.txt,0_507.png,0
1_16507.txt,1_16507.png,1
1_16307.txt,1_16307.png,1
1_8113.txt,1_8113.png,1
1_17172.txt,1_17172.png,1
1_15028.txt,1_15028.png,1
1_11210.txt,1_11210.png,1
1_1397.txt,1_1397.png,1
0_17417.txt,0_17417.png,0
0_8419.txt,0_8419.png,0
1_22364.txt,1_22364.png,1
1_19849.txt,1_19849.png,1
0_2551.txt,0_2551.png,0
1_28665.txt,1_28665.png,1
1_25492.txt,1_25492.png,1
0_17348.txt,0_17348.png,0
1_1246.txt,1_1246.png,1
1_14233.txt,1_14233.png,1
1_28941.txt,1_28941.png,1
1_13053.txt,1_13053.png,1
1_20217.txt,1_20217.png,1
0_16431.txt,0_16431.png,0
0_3758.txt,0_3758.png,0
0_10422.txt,0_10422.png,0
1_6974.txt,1_6974.png,1
1_20850.txt,1_20850.png,1
0_1285.txt,0_1285.png,0
1_3241.txt,1_3241.png,1
0_3034.txt,0_3034.png,0
0_6234.txt,0_6234.png,0
1_22871.txt,1_22871.png,1
1_1413.txt,1_1413.png,1
0_18524.txt,0_18524.png,0
0_12012.txt,0_12012.png,0
1_12689.txt,1_12689.png,1
0_4227.txt,0_4227.png,0
1_12635.txt,1_12635.png,1
1_28158.txt,1_28158.png,1
0_17742.txt,0_17742.png,0
0_12548.txt,0_12548.png,0
1_17840.txt,1_17840.png,1
1_22089.txt,1_22089.png,1
